model,task,index,truth,neutral_prompt,yesno_prompt,agree_prompt,negated_agree_prompt,disagree_prompt
meta-llama/Llama-3.1-8B-Instruct,cuad_anti-assignment,0,1,1,1,1,1,0
meta-llama/Llama-3.1-8B-Instruct,cuad_anti-assignment,1,1,0,0,1,1,1
meta-llama/Llama-3.1-8B-Instruct,cuad_anti-assignment,2,1,0,1,1,1,0
meta-llama/Llama-3.1-8B-Instruct,cuad_anti-assignment,3,1,0,0,0,0,0
meta-llama/Llama-3.1-8B-Instruct,cuad_anti-assignment,4,1,1,1,1,1,0
meta-llama/Llama-3.1-8B-Instruct,cuad_anti-assignment,5,1,0,1,1,1,0
meta-llama/Llama-3.1-8B-Instruct,cuad_anti-assignment,6,1,0,1,1,1,1
meta-llama/Llama-3.1-8B-Instruct,cuad_anti-assignment,7,1,0,1,1,1,1
meta-llama/Llama-3.1-8B-Instruct,cuad_anti-assignment,8,1,0,1,1,1,0
meta-llama/Llama-3.1-8B-Instruct,cuad_anti-assignment,9,1,0,0,1,0,0
meta-llama/Llama-3.1-8B-Instruct,cuad_anti-assignment,10,1,1,0,1,1,1
meta-llama/Llama-3.1-8B-Instruct,cuad_anti-assignment,11,1,0,1,1,1,0
meta-llama/Llama-3.1-8B-Instruct,cuad_anti-assignment,12,1,1,1,1,1,0
meta-llama/Llama-3.1-8B-Instruct,cuad_anti-assignment,13,1,0,1,1,1,0
meta-llama/Llama-3.1-8B-Instruct,cuad_anti-assignment,14,1,0,1,1,1,1
meta-llama/Llama-3.1-8B-Instruct,cuad_anti-assignment,15,1,0,0,1,1,0
meta-llama/Llama-3.1-8B-Instruct,cuad_anti-assignment,16,1,1,1,1,1,0
meta-llama/Llama-3.1-8B-Instruct,cuad_anti-assignment,17,1,0,1,1,1,0
meta-llama/Llama-3.1-8B-Instruct,cuad_anti-assignment,18,1,0,1,1,0,0
meta-llama/Llama-3.1-8B-Instruct,cuad_anti-assignment,19,1,0,0,0,0,1
meta-llama/Llama-3.1-8B-Instruct,cuad_anti-assignment,20,1,0,0,1,1,1
meta-llama/Llama-3.1-8B-Instruct,cuad_anti-assignment,21,1,0,0,0,0,0
meta-llama/Llama-3.1-8B-Instruct,cuad_anti-assignment,22,1,0,1,1,1,1
meta-llama/Llama-3.1-8B-Instruct,cuad_anti-assignment,23,1,0,0,1,1,1
meta-llama/Llama-3.1-8B-Instruct,cuad_anti-assignment,24,1,0,0,1,0,0
meta-llama/Llama-3.1-8B-Instruct,cuad_anti-assignment,25,1,0,0,1,1,0
meta-llama/Llama-3.1-8B-Instruct,cuad_anti-assignment,26,1,0,1,1,1,0
meta-llama/Llama-3.1-8B-Instruct,cuad_anti-assignment,27,1,0,1,1,0,1
meta-llama/Llama-3.1-8B-Instruct,cuad_anti-assignment,28,1,0,1,1,1,1
meta-llama/Llama-3.1-8B-Instruct,cuad_anti-assignment,29,1,0,1,1,1,0
meta-llama/Llama-3.1-8B-Instruct,cuad_anti-assignment,30,1,1,1,1,1,0
meta-llama/Llama-3.1-8B-Instruct,cuad_anti-assignment,31,1,0,0,1,1,0
meta-llama/Llama-3.1-8B-Instruct,cuad_anti-assignment,32,1,0,1,1,1,0
meta-llama/Llama-3.1-8B-Instruct,cuad_anti-assignment,33,1,0,0,0,0,0
meta-llama/Llama-3.1-8B-Instruct,cuad_anti-assignment,34,1,0,0,1,0,0
meta-llama/Llama-3.1-8B-Instruct,cuad_anti-assignment,35,1,0,0,0,0,1
meta-llama/Llama-3.1-8B-Instruct,cuad_anti-assignment,36,1,0,0,1,1,1
meta-llama/Llama-3.1-8B-Instruct,cuad_anti-assignment,37,1,0,1,1,1,1
meta-llama/Llama-3.1-8B-Instruct,cuad_anti-assignment,38,1,1,1,1,1,0
meta-llama/Llama-3.1-8B-Instruct,cuad_anti-assignment,39,1,0,1,1,1,0
meta-llama/Llama-3.1-8B-Instruct,cuad_anti-assignment,40,1,0,1,1,1,1
meta-llama/Llama-3.1-8B-Instruct,cuad_anti-assignment,41,1,0,1,1,1,0
meta-llama/Llama-3.1-8B-Instruct,cuad_anti-assignment,42,1,0,1,1,1,1
meta-llama/Llama-3.1-8B-Instruct,cuad_anti-assignment,43,1,0,0,0,0,1
meta-llama/Llama-3.1-8B-Instruct,cuad_anti-assignment,44,1,0,1,1,1,0
meta-llama/Llama-3.1-8B-Instruct,cuad_anti-assignment,45,1,0,0,0,0,1
meta-llama/Llama-3.1-8B-Instruct,cuad_anti-assignment,46,1,1,0,1,0,0
meta-llama/Llama-3.1-8B-Instruct,cuad_anti-assignment,47,1,0,1,1,1,0
meta-llama/Llama-3.1-8B-Instruct,cuad_anti-assignment,48,1,0,0,1,0,0
meta-llama/Llama-3.1-8B-Instruct,cuad_anti-assignment,49,1,0,0,1,1,0
meta-llama/Llama-3.1-8B-Instruct,cuad_anti-assignment,50,1,0,1,1,1,1
meta-llama/Llama-3.1-8B-Instruct,cuad_anti-assignment,51,1,0,1,1,1,0
meta-llama/Llama-3.1-8B-Instruct,cuad_anti-assignment,52,1,1,0,0,0,1
meta-llama/Llama-3.1-8B-Instruct,cuad_anti-assignment,53,1,0,0,1,1,1
meta-llama/Llama-3.1-8B-Instruct,cuad_anti-assignment,54,1,0,0,1,1,1
meta-llama/Llama-3.1-8B-Instruct,cuad_anti-assignment,55,1,0,1,1,1,1
meta-llama/Llama-3.1-8B-Instruct,cuad_anti-assignment,56,1,0,1,1,1,0
meta-llama/Llama-3.1-8B-Instruct,cuad_anti-assignment,57,1,0,0,1,1,1
meta-llama/Llama-3.1-8B-Instruct,cuad_anti-assignment,58,1,0,1,1,1,0
meta-llama/Llama-3.1-8B-Instruct,cuad_anti-assignment,59,1,0,1,1,1,1
meta-llama/Llama-3.1-8B-Instruct,cuad_anti-assignment,60,1,0,0,1,1,1
meta-llama/Llama-3.1-8B-Instruct,cuad_anti-assignment,61,1,1,1,1,1,0
meta-llama/Llama-3.1-8B-Instruct,cuad_anti-assignment,62,1,0,1,1,1,0
meta-llama/Llama-3.1-8B-Instruct,cuad_anti-assignment,63,1,0,0,0,0,0
meta-llama/Llama-3.1-8B-Instruct,cuad_anti-assignment,64,1,1,0,1,1,0
meta-llama/Llama-3.1-8B-Instruct,cuad_anti-assignment,65,1,1,0,0,1,0
meta-llama/Llama-3.1-8B-Instruct,cuad_anti-assignment,66,1,0,1,1,1,1
meta-llama/Llama-3.1-8B-Instruct,cuad_anti-assignment,67,1,1,1,1,1,0
meta-llama/Llama-3.1-8B-Instruct,cuad_anti-assignment,68,1,0,1,1,1,1
meta-llama/Llama-3.1-8B-Instruct,cuad_anti-assignment,69,1,0,1,1,1,1
meta-llama/Llama-3.1-8B-Instruct,cuad_anti-assignment,70,1,0,1,1,1,0
meta-llama/Llama-3.1-8B-Instruct,cuad_anti-assignment,71,1,0,1,1,0,1
meta-llama/Llama-3.1-8B-Instruct,cuad_anti-assignment,72,1,0,1,1,1,1
meta-llama/Llama-3.1-8B-Instruct,cuad_anti-assignment,73,1,1,0,0,0,0
meta-llama/Llama-3.1-8B-Instruct,cuad_anti-assignment,74,1,0,0,1,1,1
meta-llama/Llama-3.1-8B-Instruct,cuad_anti-assignment,75,1,0,1,1,1,0
meta-llama/Llama-3.1-8B-Instruct,cuad_anti-assignment,76,1,0,1,1,1,0
meta-llama/Llama-3.1-8B-Instruct,cuad_anti-assignment,77,1,1,1,1,1,1
meta-llama/Llama-3.1-8B-Instruct,cuad_anti-assignment,78,1,0,0,1,1,0
meta-llama/Llama-3.1-8B-Instruct,cuad_anti-assignment,79,1,0,1,1,1,0
meta-llama/Llama-3.1-8B-Instruct,cuad_anti-assignment,80,1,1,0,0,0,1
meta-llama/Llama-3.1-8B-Instruct,cuad_anti-assignment,81,1,0,0,1,1,1
meta-llama/Llama-3.1-8B-Instruct,cuad_anti-assignment,82,1,0,1,1,1,0
meta-llama/Llama-3.1-8B-Instruct,cuad_anti-assignment,83,1,0,0,1,0,1
meta-llama/Llama-3.1-8B-Instruct,cuad_anti-assignment,84,1,0,0,0,0,1
meta-llama/Llama-3.1-8B-Instruct,cuad_anti-assignment,85,1,0,1,1,1,1
meta-llama/Llama-3.1-8B-Instruct,cuad_anti-assignment,86,1,1,1,1,1,1
meta-llama/Llama-3.1-8B-Instruct,cuad_anti-assignment,87,1,0,1,1,1,0
meta-llama/Llama-3.1-8B-Instruct,cuad_anti-assignment,88,1,1,1,1,1,1
meta-llama/Llama-3.1-8B-Instruct,cuad_anti-assignment,89,1,0,1,1,1,0
meta-llama/Llama-3.1-8B-Instruct,cuad_anti-assignment,90,1,1,1,1,1,1
meta-llama/Llama-3.1-8B-Instruct,cuad_anti-assignment,91,1,0,1,1,1,0
meta-llama/Llama-3.1-8B-Instruct,cuad_anti-assignment,92,1,0,1,1,1,1
meta-llama/Llama-3.1-8B-Instruct,cuad_anti-assignment,93,1,1,0,1,1,0
meta-llama/Llama-3.1-8B-Instruct,cuad_anti-assignment,94,1,1,1,0,1,0
meta-llama/Llama-3.1-8B-Instruct,cuad_anti-assignment,95,1,0,1,1,1,0
meta-llama/Llama-3.1-8B-Instruct,cuad_anti-assignment,96,1,0,0,0,1,1
meta-llama/Llama-3.1-8B-Instruct,cuad_anti-assignment,97,1,0,1,1,1,1
meta-llama/Llama-3.1-8B-Instruct,cuad_anti-assignment,98,1,0,1,1,1,1
meta-llama/Llama-3.1-8B-Instruct,cuad_anti-assignment,99,1,0,1,1,1,1
meta-llama/Llama-3.1-8B-Instruct,cuad_anti-assignment,100,1,0,0,1,1,1
meta-llama/Llama-3.1-8B-Instruct,cuad_anti-assignment,101,1,1,0,0,0,0
meta-llama/Llama-3.1-8B-Instruct,cuad_anti-assignment,102,1,0,1,1,1,1
meta-llama/Llama-3.1-8B-Instruct,cuad_anti-assignment,103,1,0,1,1,1,0
meta-llama/Llama-3.1-8B-Instruct,cuad_anti-assignment,104,1,0,0,0,0,0
meta-llama/Llama-3.1-8B-Instruct,cuad_anti-assignment,105,1,1,1,1,1,1
meta-llama/Llama-3.1-8B-Instruct,cuad_anti-assignment,106,1,0,1,1,1,1
meta-llama/Llama-3.1-8B-Instruct,cuad_anti-assignment,107,1,0,0,1,1,1
meta-llama/Llama-3.1-8B-Instruct,cuad_anti-assignment,108,1,0,1,1,1,0
meta-llama/Llama-3.1-8B-Instruct,cuad_anti-assignment,109,1,0,1,1,1,0
meta-llama/Llama-3.1-8B-Instruct,cuad_anti-assignment,110,1,0,0,0,0,0
meta-llama/Llama-3.1-8B-Instruct,cuad_anti-assignment,111,1,0,1,1,1,0
meta-llama/Llama-3.1-8B-Instruct,cuad_anti-assignment,112,1,0,1,1,1,0
meta-llama/Llama-3.1-8B-Instruct,cuad_anti-assignment,113,1,1,0,0,1,1
meta-llama/Llama-3.1-8B-Instruct,cuad_anti-assignment,114,1,0,1,1,1,0
meta-llama/Llama-3.1-8B-Instruct,cuad_anti-assignment,115,1,1,1,1,1,0
meta-llama/Llama-3.1-8B-Instruct,cuad_anti-assignment,116,1,0,0,1,1,1
meta-llama/Llama-3.1-8B-Instruct,cuad_anti-assignment,117,1,0,1,1,1,0
meta-llama/Llama-3.1-8B-Instruct,cuad_anti-assignment,118,1,0,1,1,1,0
meta-llama/Llama-3.1-8B-Instruct,cuad_anti-assignment,119,1,0,1,1,1,0
meta-llama/Llama-3.1-8B-Instruct,cuad_anti-assignment,120,1,0,1,1,1,0
meta-llama/Llama-3.1-8B-Instruct,cuad_anti-assignment,121,1,1,1,1,1,1
meta-llama/Llama-3.1-8B-Instruct,cuad_anti-assignment,122,1,1,1,1,1,1
meta-llama/Llama-3.1-8B-Instruct,cuad_anti-assignment,123,1,0,1,1,1,0
meta-llama/Llama-3.1-8B-Instruct,cuad_anti-assignment,124,1,1,0,1,1,0
meta-llama/Llama-3.1-8B-Instruct,cuad_anti-assignment,125,1,1,1,1,1,1
meta-llama/Llama-3.1-8B-Instruct,cuad_anti-assignment,126,1,0,0,0,0,1
meta-llama/Llama-3.1-8B-Instruct,cuad_anti-assignment,127,1,0,1,0,0,1
meta-llama/Llama-3.1-8B-Instruct,cuad_anti-assignment,128,1,0,0,0,1,1
meta-llama/Llama-3.1-8B-Instruct,cuad_anti-assignment,129,1,0,0,0,1,1
meta-llama/Llama-3.1-8B-Instruct,cuad_anti-assignment,130,1,0,1,1,1,0
meta-llama/Llama-3.1-8B-Instruct,cuad_anti-assignment,131,1,1,1,1,1,1
meta-llama/Llama-3.1-8B-Instruct,cuad_anti-assignment,132,1,0,0,0,1,1
meta-llama/Llama-3.1-8B-Instruct,cuad_anti-assignment,133,1,0,1,1,1,1
meta-llama/Llama-3.1-8B-Instruct,cuad_anti-assignment,134,1,0,1,1,1,0
meta-llama/Llama-3.1-8B-Instruct,cuad_anti-assignment,135,1,0,0,1,1,0
meta-llama/Llama-3.1-8B-Instruct,cuad_anti-assignment,136,1,0,1,1,1,0
meta-llama/Llama-3.1-8B-Instruct,cuad_anti-assignment,137,1,0,0,1,1,0
meta-llama/Llama-3.1-8B-Instruct,cuad_anti-assignment,138,1,0,1,1,1,0
meta-llama/Llama-3.1-8B-Instruct,cuad_anti-assignment,139,1,0,1,1,1,0
meta-llama/Llama-3.1-8B-Instruct,cuad_anti-assignment,140,1,0,0,1,1,1
meta-llama/Llama-3.1-8B-Instruct,cuad_anti-assignment,141,1,0,1,1,1,0
meta-llama/Llama-3.1-8B-Instruct,cuad_anti-assignment,142,1,0,1,1,1,1
meta-llama/Llama-3.1-8B-Instruct,cuad_anti-assignment,143,1,0,0,1,1,1
meta-llama/Llama-3.1-8B-Instruct,cuad_anti-assignment,144,1,0,1,1,1,0
meta-llama/Llama-3.1-8B-Instruct,cuad_anti-assignment,145,1,0,1,1,1,0
meta-llama/Llama-3.1-8B-Instruct,cuad_anti-assignment,146,1,0,1,1,1,1
meta-llama/Llama-3.1-8B-Instruct,cuad_anti-assignment,147,1,0,0,1,1,0
meta-llama/Llama-3.1-8B-Instruct,cuad_anti-assignment,148,1,0,0,0,0,1
meta-llama/Llama-3.1-8B-Instruct,cuad_anti-assignment,149,1,0,1,1,1,0
meta-llama/Llama-3.1-8B-Instruct,cuad_anti-assignment,150,1,1,1,1,1,0
meta-llama/Llama-3.1-8B-Instruct,cuad_anti-assignment,151,1,0,0,1,1,1
meta-llama/Llama-3.1-8B-Instruct,cuad_anti-assignment,152,1,0,1,1,1,0
meta-llama/Llama-3.1-8B-Instruct,cuad_anti-assignment,153,1,1,1,1,1,0
meta-llama/Llama-3.1-8B-Instruct,cuad_anti-assignment,154,1,0,1,1,1,0
meta-llama/Llama-3.1-8B-Instruct,cuad_anti-assignment,155,1,0,1,1,1,0
meta-llama/Llama-3.1-8B-Instruct,cuad_anti-assignment,156,1,1,1,1,1,0
meta-llama/Llama-3.1-8B-Instruct,cuad_anti-assignment,157,1,0,0,0,1,0
meta-llama/Llama-3.1-8B-Instruct,cuad_anti-assignment,158,1,0,1,1,1,0
meta-llama/Llama-3.1-8B-Instruct,cuad_anti-assignment,159,1,0,1,1,1,0
meta-llama/Llama-3.1-8B-Instruct,cuad_anti-assignment,160,1,0,0,0,0,1
meta-llama/Llama-3.1-8B-Instruct,cuad_anti-assignment,161,1,1,1,1,1,0
meta-llama/Llama-3.1-8B-Instruct,cuad_anti-assignment,162,1,0,1,1,1,0
meta-llama/Llama-3.1-8B-Instruct,cuad_anti-assignment,163,1,0,1,1,1,0
meta-llama/Llama-3.1-8B-Instruct,cuad_anti-assignment,164,1,0,1,1,1,0
meta-llama/Llama-3.1-8B-Instruct,cuad_anti-assignment,165,1,0,1,1,1,0
meta-llama/Llama-3.1-8B-Instruct,cuad_anti-assignment,166,1,0,1,1,0,1
meta-llama/Llama-3.1-8B-Instruct,cuad_anti-assignment,167,1,0,1,1,1,1
meta-llama/Llama-3.1-8B-Instruct,cuad_anti-assignment,168,1,0,0,1,0,1
meta-llama/Llama-3.1-8B-Instruct,cuad_anti-assignment,169,1,0,0,0,0,1
meta-llama/Llama-3.1-8B-Instruct,cuad_anti-assignment,170,1,0,1,1,1,1
meta-llama/Llama-3.1-8B-Instruct,cuad_anti-assignment,171,1,0,0,0,0,1
meta-llama/Llama-3.1-8B-Instruct,cuad_anti-assignment,172,1,0,1,1,1,0
meta-llama/Llama-3.1-8B-Instruct,cuad_anti-assignment,173,1,1,0,0,1,0
meta-llama/Llama-3.1-8B-Instruct,cuad_anti-assignment,174,1,0,0,1,1,0
meta-llama/Llama-3.1-8B-Instruct,cuad_anti-assignment,175,1,0,0,1,1,0
meta-llama/Llama-3.1-8B-Instruct,cuad_anti-assignment,176,1,0,0,0,1,0
meta-llama/Llama-3.1-8B-Instruct,cuad_anti-assignment,177,1,0,1,1,1,0
meta-llama/Llama-3.1-8B-Instruct,cuad_anti-assignment,178,1,1,1,1,1,0
meta-llama/Llama-3.1-8B-Instruct,cuad_anti-assignment,179,1,1,0,0,0,1
meta-llama/Llama-3.1-8B-Instruct,cuad_anti-assignment,180,1,0,1,1,1,0
meta-llama/Llama-3.1-8B-Instruct,cuad_anti-assignment,181,1,0,1,1,1,0
meta-llama/Llama-3.1-8B-Instruct,cuad_anti-assignment,182,1,0,1,1,1,0
meta-llama/Llama-3.1-8B-Instruct,cuad_anti-assignment,183,1,0,1,1,0,1
meta-llama/Llama-3.1-8B-Instruct,cuad_anti-assignment,184,1,0,1,1,0,1
meta-llama/Llama-3.1-8B-Instruct,cuad_anti-assignment,185,1,0,1,1,1,0
meta-llama/Llama-3.1-8B-Instruct,cuad_anti-assignment,186,1,0,1,1,1,0
meta-llama/Llama-3.1-8B-Instruct,cuad_anti-assignment,187,1,0,0,0,1,0
meta-llama/Llama-3.1-8B-Instruct,cuad_anti-assignment,188,1,0,1,1,1,0
meta-llama/Llama-3.1-8B-Instruct,cuad_anti-assignment,189,1,0,1,1,1,0
meta-llama/Llama-3.1-8B-Instruct,cuad_anti-assignment,190,1,1,1,1,1,0
meta-llama/Llama-3.1-8B-Instruct,cuad_anti-assignment,191,1,0,1,1,1,1
meta-llama/Llama-3.1-8B-Instruct,cuad_anti-assignment,192,1,0,0,1,1,0
meta-llama/Llama-3.1-8B-Instruct,cuad_anti-assignment,193,1,0,1,1,1,0
meta-llama/Llama-3.1-8B-Instruct,cuad_anti-assignment,194,1,1,0,1,1,1
meta-llama/Llama-3.1-8B-Instruct,cuad_anti-assignment,195,1,0,0,1,1,0
meta-llama/Llama-3.1-8B-Instruct,cuad_anti-assignment,196,1,0,1,1,1,0
meta-llama/Llama-3.1-8B-Instruct,cuad_anti-assignment,197,1,0,1,1,1,0
meta-llama/Llama-3.1-8B-Instruct,cuad_anti-assignment,198,1,0,0,1,0,1
meta-llama/Llama-3.1-8B-Instruct,cuad_anti-assignment,199,1,0,1,1,1,0
meta-llama/Llama-3.1-8B-Instruct,cuad_anti-assignment,200,1,0,0,1,1,1
meta-llama/Llama-3.1-8B-Instruct,cuad_anti-assignment,201,1,1,1,1,1,0
meta-llama/Llama-3.1-8B-Instruct,cuad_anti-assignment,202,1,1,0,0,1,1
meta-llama/Llama-3.1-8B-Instruct,cuad_anti-assignment,203,1,0,0,1,1,0
meta-llama/Llama-3.1-8B-Instruct,cuad_anti-assignment,204,1,1,0,0,0,1
meta-llama/Llama-3.1-8B-Instruct,cuad_anti-assignment,205,1,0,1,1,1,0
meta-llama/Llama-3.1-8B-Instruct,cuad_anti-assignment,206,1,0,1,1,1,0
meta-llama/Llama-3.1-8B-Instruct,cuad_anti-assignment,207,1,0,1,1,1,0
meta-llama/Llama-3.1-8B-Instruct,cuad_anti-assignment,208,1,0,1,1,1,1
meta-llama/Llama-3.1-8B-Instruct,cuad_anti-assignment,209,1,1,1,1,1,0
meta-llama/Llama-3.1-8B-Instruct,cuad_anti-assignment,210,1,1,1,1,1,1
meta-llama/Llama-3.1-8B-Instruct,cuad_anti-assignment,211,1,1,0,1,1,1
meta-llama/Llama-3.1-8B-Instruct,cuad_anti-assignment,212,1,0,0,1,0,1
meta-llama/Llama-3.1-8B-Instruct,cuad_anti-assignment,213,1,0,0,0,1,0
meta-llama/Llama-3.1-8B-Instruct,cuad_anti-assignment,214,1,0,0,0,0,0
meta-llama/Llama-3.1-8B-Instruct,cuad_anti-assignment,215,1,0,1,1,1,1
meta-llama/Llama-3.1-8B-Instruct,cuad_anti-assignment,216,1,1,0,1,1,1
meta-llama/Llama-3.1-8B-Instruct,cuad_anti-assignment,217,1,0,0,0,0,1
meta-llama/Llama-3.1-8B-Instruct,cuad_anti-assignment,218,1,1,1,1,1,1
meta-llama/Llama-3.1-8B-Instruct,cuad_anti-assignment,219,1,0,1,1,1,0
meta-llama/Llama-3.1-8B-Instruct,cuad_anti-assignment,220,1,0,1,1,1,0
meta-llama/Llama-3.1-8B-Instruct,cuad_anti-assignment,221,1,0,1,1,0,0
meta-llama/Llama-3.1-8B-Instruct,cuad_anti-assignment,222,1,0,1,1,1,0
meta-llama/Llama-3.1-8B-Instruct,cuad_anti-assignment,223,1,1,1,1,1,1
meta-llama/Llama-3.1-8B-Instruct,cuad_anti-assignment,224,1,0,1,1,1,0
meta-llama/Llama-3.1-8B-Instruct,cuad_anti-assignment,225,1,1,1,1,1,1
meta-llama/Llama-3.1-8B-Instruct,cuad_anti-assignment,226,1,1,1,1,1,1
meta-llama/Llama-3.1-8B-Instruct,cuad_anti-assignment,227,1,0,1,1,1,1
meta-llama/Llama-3.1-8B-Instruct,cuad_anti-assignment,228,1,0,0,0,1,1
meta-llama/Llama-3.1-8B-Instruct,cuad_anti-assignment,229,1,0,1,1,1,0
meta-llama/Llama-3.1-8B-Instruct,cuad_anti-assignment,230,1,0,1,1,0,0
meta-llama/Llama-3.1-8B-Instruct,cuad_anti-assignment,231,1,0,1,1,1,0
meta-llama/Llama-3.1-8B-Instruct,cuad_anti-assignment,232,1,0,1,0,1,1
meta-llama/Llama-3.1-8B-Instruct,cuad_anti-assignment,233,1,1,0,0,0,1
meta-llama/Llama-3.1-8B-Instruct,cuad_anti-assignment,234,1,0,1,1,1,0
meta-llama/Llama-3.1-8B-Instruct,cuad_anti-assignment,235,1,0,1,1,1,0
meta-llama/Llama-3.1-8B-Instruct,cuad_anti-assignment,236,1,0,1,1,1,0
meta-llama/Llama-3.1-8B-Instruct,cuad_anti-assignment,237,1,0,1,1,1,0
meta-llama/Llama-3.1-8B-Instruct,cuad_anti-assignment,238,1,0,0,1,0,1
meta-llama/Llama-3.1-8B-Instruct,cuad_anti-assignment,239,1,0,1,1,1,0
meta-llama/Llama-3.1-8B-Instruct,cuad_anti-assignment,240,1,1,1,1,1,0
meta-llama/Llama-3.1-8B-Instruct,cuad_anti-assignment,241,1,0,1,1,1,1
meta-llama/Llama-3.1-8B-Instruct,cuad_anti-assignment,242,1,0,0,0,0,0
meta-llama/Llama-3.1-8B-Instruct,cuad_anti-assignment,243,1,0,1,1,1,0
meta-llama/Llama-3.1-8B-Instruct,cuad_anti-assignment,244,1,0,1,1,1,0
meta-llama/Llama-3.1-8B-Instruct,cuad_anti-assignment,245,1,0,0,1,1,1
meta-llama/Llama-3.1-8B-Instruct,cuad_anti-assignment,246,1,1,0,1,1,1
meta-llama/Llama-3.1-8B-Instruct,cuad_anti-assignment,247,1,0,0,1,0,1
meta-llama/Llama-3.1-8B-Instruct,cuad_anti-assignment,248,1,0,1,1,1,0
meta-llama/Llama-3.1-8B-Instruct,cuad_anti-assignment,249,1,0,1,1,1,1
meta-llama/Llama-3.1-8B-Instruct,cuad_anti-assignment,250,1,1,1,1,1,0
meta-llama/Llama-3.1-8B-Instruct,cuad_anti-assignment,251,1,1,1,1,1,1
meta-llama/Llama-3.1-8B-Instruct,cuad_anti-assignment,252,1,0,0,0,0,1
meta-llama/Llama-3.1-8B-Instruct,cuad_anti-assignment,253,1,0,1,1,1,0
meta-llama/Llama-3.1-8B-Instruct,cuad_anti-assignment,254,1,0,0,0,0,1
meta-llama/Llama-3.1-8B-Instruct,cuad_anti-assignment,255,1,0,0,1,1,1
meta-llama/Llama-3.1-8B-Instruct,cuad_anti-assignment,256,1,0,1,1,1,1
meta-llama/Llama-3.1-8B-Instruct,cuad_anti-assignment,257,1,1,0,0,0,1
meta-llama/Llama-3.1-8B-Instruct,cuad_anti-assignment,258,1,1,0,1,1,0
meta-llama/Llama-3.1-8B-Instruct,cuad_anti-assignment,259,1,0,0,0,0,1
meta-llama/Llama-3.1-8B-Instruct,cuad_anti-assignment,260,1,0,0,1,1,1
meta-llama/Llama-3.1-8B-Instruct,cuad_anti-assignment,261,1,0,1,1,0,0
meta-llama/Llama-3.1-8B-Instruct,cuad_anti-assignment,262,1,1,1,1,1,1
meta-llama/Llama-3.1-8B-Instruct,cuad_anti-assignment,263,1,1,1,1,1,0
meta-llama/Llama-3.1-8B-Instruct,cuad_anti-assignment,264,1,0,1,1,1,0
meta-llama/Llama-3.1-8B-Instruct,cuad_anti-assignment,265,1,1,1,1,1,0
meta-llama/Llama-3.1-8B-Instruct,cuad_anti-assignment,266,1,0,1,1,1,0
meta-llama/Llama-3.1-8B-Instruct,cuad_anti-assignment,267,1,0,0,0,0,1
meta-llama/Llama-3.1-8B-Instruct,cuad_anti-assignment,268,1,1,0,1,1,0
meta-llama/Llama-3.1-8B-Instruct,cuad_anti-assignment,269,1,0,1,1,1,0
meta-llama/Llama-3.1-8B-Instruct,cuad_anti-assignment,270,1,0,1,1,1,0
meta-llama/Llama-3.1-8B-Instruct,cuad_anti-assignment,271,1,0,1,1,1,0
meta-llama/Llama-3.1-8B-Instruct,cuad_anti-assignment,272,1,1,1,1,1,0
meta-llama/Llama-3.1-8B-Instruct,cuad_anti-assignment,273,1,0,1,1,1,1
meta-llama/Llama-3.1-8B-Instruct,cuad_anti-assignment,274,1,0,1,1,1,0
meta-llama/Llama-3.1-8B-Instruct,cuad_anti-assignment,275,1,0,1,1,1,0
meta-llama/Llama-3.1-8B-Instruct,cuad_anti-assignment,276,1,0,1,1,1,0
meta-llama/Llama-3.1-8B-Instruct,cuad_anti-assignment,277,1,0,1,1,1,1
meta-llama/Llama-3.1-8B-Instruct,cuad_anti-assignment,278,1,0,1,1,1,0
meta-llama/Llama-3.1-8B-Instruct,cuad_anti-assignment,279,1,0,0,0,0,0
meta-llama/Llama-3.1-8B-Instruct,cuad_anti-assignment,280,1,0,1,1,1,0
meta-llama/Llama-3.1-8B-Instruct,cuad_anti-assignment,281,1,0,0,1,1,0
meta-llama/Llama-3.1-8B-Instruct,cuad_anti-assignment,282,1,0,1,1,1,0
meta-llama/Llama-3.1-8B-Instruct,cuad_anti-assignment,283,1,0,1,0,1,0
meta-llama/Llama-3.1-8B-Instruct,cuad_anti-assignment,284,1,0,1,1,1,0
meta-llama/Llama-3.1-8B-Instruct,cuad_anti-assignment,285,1,0,0,0,0,1
meta-llama/Llama-3.1-8B-Instruct,cuad_anti-assignment,286,1,0,0,1,1,0
meta-llama/Llama-3.1-8B-Instruct,cuad_anti-assignment,287,1,0,1,1,1,1
meta-llama/Llama-3.1-8B-Instruct,cuad_anti-assignment,288,1,0,1,1,1,0
meta-llama/Llama-3.1-8B-Instruct,cuad_anti-assignment,289,1,1,0,0,1,1
meta-llama/Llama-3.1-8B-Instruct,cuad_anti-assignment,290,1,0,0,0,1,0
meta-llama/Llama-3.1-8B-Instruct,cuad_anti-assignment,291,1,0,0,0,0,0
meta-llama/Llama-3.1-8B-Instruct,cuad_anti-assignment,292,1,0,0,1,1,0
meta-llama/Llama-3.1-8B-Instruct,cuad_anti-assignment,293,1,0,1,1,1,1
meta-llama/Llama-3.1-8B-Instruct,cuad_anti-assignment,294,1,0,1,1,1,1
meta-llama/Llama-3.1-8B-Instruct,cuad_anti-assignment,295,1,0,0,0,0,1
meta-llama/Llama-3.1-8B-Instruct,cuad_anti-assignment,296,1,0,0,1,0,1
meta-llama/Llama-3.1-8B-Instruct,cuad_anti-assignment,297,1,0,1,1,1,0
meta-llama/Llama-3.1-8B-Instruct,cuad_anti-assignment,298,1,0,0,0,0,0
meta-llama/Llama-3.1-8B-Instruct,cuad_anti-assignment,299,1,1,1,1,1,0
meta-llama/Llama-3.1-8B-Instruct,cuad_anti-assignment,300,1,0,1,1,1,0
meta-llama/Llama-3.1-8B-Instruct,cuad_anti-assignment,301,1,0,1,1,1,0
meta-llama/Llama-3.1-8B-Instruct,cuad_anti-assignment,302,1,0,1,1,1,0
meta-llama/Llama-3.1-8B-Instruct,cuad_anti-assignment,303,1,1,1,1,1,0
meta-llama/Llama-3.1-8B-Instruct,cuad_anti-assignment,304,1,0,1,1,1,0
meta-llama/Llama-3.1-8B-Instruct,cuad_anti-assignment,305,1,1,1,1,1,0
meta-llama/Llama-3.1-8B-Instruct,cuad_anti-assignment,306,1,0,1,0,1,1
meta-llama/Llama-3.1-8B-Instruct,cuad_anti-assignment,307,1,0,1,1,1,1
meta-llama/Llama-3.1-8B-Instruct,cuad_anti-assignment,308,1,0,0,1,1,0
meta-llama/Llama-3.1-8B-Instruct,cuad_anti-assignment,309,1,0,1,1,1,1
meta-llama/Llama-3.1-8B-Instruct,cuad_anti-assignment,310,1,1,0,1,1,1
meta-llama/Llama-3.1-8B-Instruct,cuad_anti-assignment,311,1,0,1,1,1,0
meta-llama/Llama-3.1-8B-Instruct,cuad_anti-assignment,312,1,0,1,1,1,0
meta-llama/Llama-3.1-8B-Instruct,cuad_anti-assignment,313,1,1,0,1,1,0
meta-llama/Llama-3.1-8B-Instruct,cuad_anti-assignment,314,1,0,0,0,1,0
meta-llama/Llama-3.1-8B-Instruct,cuad_anti-assignment,315,1,0,1,1,1,0
meta-llama/Llama-3.1-8B-Instruct,cuad_anti-assignment,316,1,0,0,1,1,0
meta-llama/Llama-3.1-8B-Instruct,cuad_anti-assignment,317,1,0,1,1,1,0
meta-llama/Llama-3.1-8B-Instruct,cuad_anti-assignment,318,1,0,0,0,0,1
meta-llama/Llama-3.1-8B-Instruct,cuad_anti-assignment,319,1,0,0,1,1,0
meta-llama/Llama-3.1-8B-Instruct,cuad_anti-assignment,320,1,0,1,1,1,0
meta-llama/Llama-3.1-8B-Instruct,cuad_anti-assignment,321,1,0,1,1,1,0
meta-llama/Llama-3.1-8B-Instruct,cuad_anti-assignment,322,1,0,1,1,1,1
meta-llama/Llama-3.1-8B-Instruct,cuad_anti-assignment,323,1,0,0,0,0,1
meta-llama/Llama-3.1-8B-Instruct,cuad_anti-assignment,324,1,0,0,1,1,1
meta-llama/Llama-3.1-8B-Instruct,cuad_anti-assignment,325,1,0,0,0,1,1
meta-llama/Llama-3.1-8B-Instruct,cuad_anti-assignment,326,1,1,1,1,1,1
meta-llama/Llama-3.1-8B-Instruct,cuad_anti-assignment,327,1,0,1,1,1,1
meta-llama/Llama-3.1-8B-Instruct,cuad_anti-assignment,328,1,0,0,1,0,1
meta-llama/Llama-3.1-8B-Instruct,cuad_anti-assignment,329,1,1,0,0,0,1
meta-llama/Llama-3.1-8B-Instruct,cuad_anti-assignment,330,1,0,1,1,1,1
meta-llama/Llama-3.1-8B-Instruct,cuad_anti-assignment,331,1,0,1,1,1,1
meta-llama/Llama-3.1-8B-Instruct,cuad_anti-assignment,332,1,0,1,1,1,1
meta-llama/Llama-3.1-8B-Instruct,cuad_anti-assignment,333,1,1,0,1,1,0
meta-llama/Llama-3.1-8B-Instruct,cuad_anti-assignment,334,1,1,1,1,1,0
meta-llama/Llama-3.1-8B-Instruct,cuad_anti-assignment,335,1,0,1,1,0,1
meta-llama/Llama-3.1-8B-Instruct,cuad_anti-assignment,336,1,0,1,1,1,0
meta-llama/Llama-3.1-8B-Instruct,cuad_anti-assignment,337,1,1,1,1,1,1
meta-llama/Llama-3.1-8B-Instruct,cuad_anti-assignment,338,1,1,0,1,0,0
meta-llama/Llama-3.1-8B-Instruct,cuad_anti-assignment,339,1,0,1,1,1,0
meta-llama/Llama-3.1-8B-Instruct,cuad_anti-assignment,340,1,0,0,1,1,1
meta-llama/Llama-3.1-8B-Instruct,cuad_anti-assignment,341,1,0,1,0,1,1
meta-llama/Llama-3.1-8B-Instruct,cuad_anti-assignment,342,1,1,0,0,0,1
meta-llama/Llama-3.1-8B-Instruct,cuad_anti-assignment,343,1,0,1,1,1,0
meta-llama/Llama-3.1-8B-Instruct,cuad_anti-assignment,344,1,0,0,1,1,1
meta-llama/Llama-3.1-8B-Instruct,cuad_anti-assignment,345,1,0,1,1,1,0
meta-llama/Llama-3.1-8B-Instruct,cuad_anti-assignment,346,1,0,1,1,1,0
meta-llama/Llama-3.1-8B-Instruct,cuad_anti-assignment,347,1,1,1,0,1,1
meta-llama/Llama-3.1-8B-Instruct,cuad_anti-assignment,348,1,1,0,1,0,1
meta-llama/Llama-3.1-8B-Instruct,cuad_anti-assignment,349,1,0,1,1,1,0
meta-llama/Llama-3.1-8B-Instruct,cuad_anti-assignment,350,1,0,1,0,1,0
meta-llama/Llama-3.1-8B-Instruct,cuad_anti-assignment,351,1,0,1,1,1,0
meta-llama/Llama-3.1-8B-Instruct,cuad_anti-assignment,352,1,0,1,1,1,1
meta-llama/Llama-3.1-8B-Instruct,cuad_anti-assignment,353,1,0,1,1,1,1
meta-llama/Llama-3.1-8B-Instruct,cuad_anti-assignment,354,1,0,0,1,1,0
meta-llama/Llama-3.1-8B-Instruct,cuad_anti-assignment,355,1,1,1,1,1,1
meta-llama/Llama-3.1-8B-Instruct,cuad_anti-assignment,356,1,0,0,1,1,1
meta-llama/Llama-3.1-8B-Instruct,cuad_anti-assignment,357,1,0,1,1,1,0
meta-llama/Llama-3.1-8B-Instruct,cuad_anti-assignment,358,1,0,1,1,1,0
meta-llama/Llama-3.1-8B-Instruct,cuad_anti-assignment,359,1,0,1,1,1,1
meta-llama/Llama-3.1-8B-Instruct,cuad_anti-assignment,360,1,0,1,1,1,0
meta-llama/Llama-3.1-8B-Instruct,cuad_anti-assignment,361,1,0,0,1,1,1
meta-llama/Llama-3.1-8B-Instruct,cuad_anti-assignment,362,1,0,1,1,1,0
meta-llama/Llama-3.1-8B-Instruct,cuad_anti-assignment,363,1,0,1,1,1,0
meta-llama/Llama-3.1-8B-Instruct,cuad_anti-assignment,364,1,0,1,1,1,0
meta-llama/Llama-3.1-8B-Instruct,cuad_anti-assignment,365,1,0,0,1,0,1
meta-llama/Llama-3.1-8B-Instruct,cuad_anti-assignment,366,1,0,1,1,1,1
meta-llama/Llama-3.1-8B-Instruct,cuad_anti-assignment,367,1,0,0,0,0,1
meta-llama/Llama-3.1-8B-Instruct,cuad_anti-assignment,368,1,0,1,1,1,1
meta-llama/Llama-3.1-8B-Instruct,cuad_anti-assignment,369,1,0,0,0,1,1
meta-llama/Llama-3.1-8B-Instruct,cuad_anti-assignment,370,1,1,0,1,0,1
meta-llama/Llama-3.1-8B-Instruct,cuad_anti-assignment,371,1,0,1,1,1,0
meta-llama/Llama-3.1-8B-Instruct,cuad_anti-assignment,372,1,0,0,0,1,0
meta-llama/Llama-3.1-8B-Instruct,cuad_anti-assignment,373,1,0,1,1,1,1
meta-llama/Llama-3.1-8B-Instruct,cuad_anti-assignment,374,1,0,1,1,1,0
meta-llama/Llama-3.1-8B-Instruct,cuad_anti-assignment,375,1,1,0,0,0,1
meta-llama/Llama-3.1-8B-Instruct,cuad_anti-assignment,376,1,0,1,1,1,1
meta-llama/Llama-3.1-8B-Instruct,cuad_anti-assignment,377,1,0,0,0,1,1
meta-llama/Llama-3.1-8B-Instruct,cuad_anti-assignment,378,1,0,1,1,1,0
meta-llama/Llama-3.1-8B-Instruct,cuad_anti-assignment,379,1,0,1,1,1,0
meta-llama/Llama-3.1-8B-Instruct,cuad_anti-assignment,380,1,0,1,1,1,0
meta-llama/Llama-3.1-8B-Instruct,cuad_anti-assignment,381,1,0,1,1,1,0
meta-llama/Llama-3.1-8B-Instruct,cuad_anti-assignment,382,1,0,1,1,1,0
meta-llama/Llama-3.1-8B-Instruct,cuad_anti-assignment,383,1,1,1,1,0,1
meta-llama/Llama-3.1-8B-Instruct,cuad_anti-assignment,384,1,0,1,1,1,1
meta-llama/Llama-3.1-8B-Instruct,cuad_anti-assignment,385,1,1,1,1,1,1
meta-llama/Llama-3.1-8B-Instruct,cuad_anti-assignment,386,1,0,0,0,1,0
meta-llama/Llama-3.1-8B-Instruct,cuad_anti-assignment,387,1,0,0,1,0,1
meta-llama/Llama-3.1-8B-Instruct,cuad_anti-assignment,388,1,0,1,1,1,0
meta-llama/Llama-3.1-8B-Instruct,cuad_anti-assignment,389,1,0,1,1,1,0
meta-llama/Llama-3.1-8B-Instruct,cuad_anti-assignment,390,1,0,0,1,1,1
meta-llama/Llama-3.1-8B-Instruct,cuad_anti-assignment,391,1,1,1,1,1,0
meta-llama/Llama-3.1-8B-Instruct,cuad_anti-assignment,392,1,0,1,1,1,1
meta-llama/Llama-3.1-8B-Instruct,cuad_anti-assignment,393,1,1,1,1,1,0
meta-llama/Llama-3.1-8B-Instruct,cuad_anti-assignment,394,1,0,1,1,0,0
meta-llama/Llama-3.1-8B-Instruct,cuad_anti-assignment,395,1,0,1,1,1,1
meta-llama/Llama-3.1-8B-Instruct,cuad_anti-assignment,396,1,0,1,1,1,1
meta-llama/Llama-3.1-8B-Instruct,cuad_anti-assignment,397,1,0,1,0,1,0
meta-llama/Llama-3.1-8B-Instruct,cuad_anti-assignment,398,1,0,1,1,1,0
meta-llama/Llama-3.1-8B-Instruct,cuad_anti-assignment,399,1,0,1,1,1,1
meta-llama/Llama-3.1-8B-Instruct,cuad_anti-assignment,400,1,0,1,1,1,0
meta-llama/Llama-3.1-8B-Instruct,cuad_anti-assignment,401,1,0,0,1,1,0
meta-llama/Llama-3.1-8B-Instruct,cuad_anti-assignment,402,1,0,1,1,1,0
meta-llama/Llama-3.1-8B-Instruct,cuad_anti-assignment,403,1,1,1,1,1,0
meta-llama/Llama-3.1-8B-Instruct,cuad_anti-assignment,404,1,0,0,0,0,0
meta-llama/Llama-3.1-8B-Instruct,cuad_anti-assignment,405,1,0,1,1,1,1
meta-llama/Llama-3.1-8B-Instruct,cuad_anti-assignment,406,1,0,1,1,1,1
meta-llama/Llama-3.1-8B-Instruct,cuad_anti-assignment,407,1,0,1,1,1,0
meta-llama/Llama-3.1-8B-Instruct,cuad_anti-assignment,408,1,0,1,1,1,0
meta-llama/Llama-3.1-8B-Instruct,cuad_anti-assignment,409,1,0,0,0,1,0
meta-llama/Llama-3.1-8B-Instruct,cuad_anti-assignment,410,1,0,0,0,1,1
meta-llama/Llama-3.1-8B-Instruct,cuad_anti-assignment,411,1,0,1,1,1,0
meta-llama/Llama-3.1-8B-Instruct,cuad_anti-assignment,412,1,1,1,1,1,0
meta-llama/Llama-3.1-8B-Instruct,cuad_anti-assignment,413,1,0,1,1,1,1
meta-llama/Llama-3.1-8B-Instruct,cuad_anti-assignment,414,1,0,0,0,0,1
meta-llama/Llama-3.1-8B-Instruct,cuad_anti-assignment,415,1,1,0,1,1,1
meta-llama/Llama-3.1-8B-Instruct,cuad_anti-assignment,416,1,0,1,1,1,1
meta-llama/Llama-3.1-8B-Instruct,cuad_anti-assignment,417,1,0,0,1,1,0
meta-llama/Llama-3.1-8B-Instruct,cuad_anti-assignment,418,1,0,1,1,1,1
meta-llama/Llama-3.1-8B-Instruct,cuad_anti-assignment,419,1,0,1,1,1,1
meta-llama/Llama-3.1-8B-Instruct,cuad_anti-assignment,420,1,0,1,1,1,1
meta-llama/Llama-3.1-8B-Instruct,cuad_anti-assignment,421,1,0,1,1,1,0
meta-llama/Llama-3.1-8B-Instruct,cuad_anti-assignment,422,1,1,0,1,1,0
meta-llama/Llama-3.1-8B-Instruct,cuad_anti-assignment,423,1,1,0,0,0,1
meta-llama/Llama-3.1-8B-Instruct,cuad_anti-assignment,424,1,0,0,0,1,1
meta-llama/Llama-3.1-8B-Instruct,cuad_anti-assignment,425,1,0,0,1,1,0
meta-llama/Llama-3.1-8B-Instruct,cuad_anti-assignment,426,1,0,1,1,1,1
meta-llama/Llama-3.1-8B-Instruct,cuad_anti-assignment,427,1,0,1,1,1,1
meta-llama/Llama-3.1-8B-Instruct,cuad_anti-assignment,428,1,0,1,1,1,0
meta-llama/Llama-3.1-8B-Instruct,cuad_anti-assignment,429,1,1,1,1,0,0
meta-llama/Llama-3.1-8B-Instruct,cuad_anti-assignment,430,1,1,0,0,1,1
meta-llama/Llama-3.1-8B-Instruct,cuad_anti-assignment,431,1,0,1,1,1,1
meta-llama/Llama-3.1-8B-Instruct,cuad_anti-assignment,432,1,1,1,1,0,0
meta-llama/Llama-3.1-8B-Instruct,cuad_anti-assignment,433,1,0,1,1,1,0
meta-llama/Llama-3.1-8B-Instruct,cuad_anti-assignment,434,1,0,1,1,1,0
meta-llama/Llama-3.1-8B-Instruct,cuad_anti-assignment,435,1,1,0,0,1,0
meta-llama/Llama-3.1-8B-Instruct,cuad_anti-assignment,436,1,0,1,1,1,1
meta-llama/Llama-3.1-8B-Instruct,cuad_anti-assignment,437,1,0,1,1,1,0
meta-llama/Llama-3.1-8B-Instruct,cuad_anti-assignment,438,1,1,1,0,1,0
meta-llama/Llama-3.1-8B-Instruct,cuad_anti-assignment,439,1,1,0,0,1,0
meta-llama/Llama-3.1-8B-Instruct,cuad_anti-assignment,440,1,0,1,1,1,0
meta-llama/Llama-3.1-8B-Instruct,cuad_anti-assignment,441,1,0,1,1,1,1
meta-llama/Llama-3.1-8B-Instruct,cuad_anti-assignment,442,1,1,1,1,1,0
meta-llama/Llama-3.1-8B-Instruct,cuad_anti-assignment,443,1,1,1,1,1,0
meta-llama/Llama-3.1-8B-Instruct,cuad_anti-assignment,444,1,0,1,1,1,0
meta-llama/Llama-3.1-8B-Instruct,cuad_anti-assignment,445,1,0,1,1,1,0
meta-llama/Llama-3.1-8B-Instruct,cuad_anti-assignment,446,1,1,1,1,1,0
meta-llama/Llama-3.1-8B-Instruct,cuad_anti-assignment,447,1,0,0,0,0,1
meta-llama/Llama-3.1-8B-Instruct,cuad_anti-assignment,448,1,0,1,1,1,0
meta-llama/Llama-3.1-8B-Instruct,cuad_anti-assignment,449,1,0,1,1,1,0
meta-llama/Llama-3.1-8B-Instruct,cuad_anti-assignment,450,1,0,1,1,1,1
meta-llama/Llama-3.1-8B-Instruct,cuad_anti-assignment,451,1,1,1,1,1,0
meta-llama/Llama-3.1-8B-Instruct,cuad_anti-assignment,452,1,0,0,0,0,0
meta-llama/Llama-3.1-8B-Instruct,cuad_anti-assignment,453,1,0,1,0,0,0
meta-llama/Llama-3.1-8B-Instruct,cuad_anti-assignment,454,1,0,1,1,1,1
meta-llama/Llama-3.1-8B-Instruct,cuad_anti-assignment,455,1,0,1,1,1,0
meta-llama/Llama-3.1-8B-Instruct,cuad_anti-assignment,456,1,0,1,1,1,1
meta-llama/Llama-3.1-8B-Instruct,cuad_anti-assignment,457,1,0,1,1,1,1
meta-llama/Llama-3.1-8B-Instruct,cuad_anti-assignment,458,1,0,1,1,1,1
meta-llama/Llama-3.1-8B-Instruct,cuad_anti-assignment,459,1,0,1,1,1,0
meta-llama/Llama-3.1-8B-Instruct,cuad_anti-assignment,460,1,0,0,0,0,0
meta-llama/Llama-3.1-8B-Instruct,cuad_anti-assignment,461,1,0,1,1,1,0
meta-llama/Llama-3.1-8B-Instruct,cuad_anti-assignment,462,1,0,1,1,1,1
meta-llama/Llama-3.1-8B-Instruct,cuad_anti-assignment,463,1,0,1,1,1,0
meta-llama/Llama-3.1-8B-Instruct,cuad_anti-assignment,464,1,0,1,1,1,0
meta-llama/Llama-3.1-8B-Instruct,cuad_anti-assignment,465,1,0,1,1,1,1
meta-llama/Llama-3.1-8B-Instruct,cuad_anti-assignment,466,1,0,0,0,0,0
meta-llama/Llama-3.1-8B-Instruct,cuad_anti-assignment,467,1,0,1,1,1,0
meta-llama/Llama-3.1-8B-Instruct,cuad_anti-assignment,468,1,1,1,1,1,0
meta-llama/Llama-3.1-8B-Instruct,cuad_anti-assignment,469,1,0,1,1,1,1
meta-llama/Llama-3.1-8B-Instruct,cuad_anti-assignment,470,1,0,0,1,0,1
meta-llama/Llama-3.1-8B-Instruct,cuad_anti-assignment,471,1,1,1,1,1,0
meta-llama/Llama-3.1-8B-Instruct,cuad_anti-assignment,472,1,0,1,1,1,0
meta-llama/Llama-3.1-8B-Instruct,cuad_anti-assignment,473,1,1,1,1,1,0
meta-llama/Llama-3.1-8B-Instruct,cuad_anti-assignment,474,1,0,0,0,1,1
meta-llama/Llama-3.1-8B-Instruct,cuad_anti-assignment,475,1,1,1,1,1,0
meta-llama/Llama-3.1-8B-Instruct,cuad_anti-assignment,476,1,0,0,1,1,1
meta-llama/Llama-3.1-8B-Instruct,cuad_anti-assignment,477,1,1,0,0,0,1
meta-llama/Llama-3.1-8B-Instruct,cuad_anti-assignment,478,1,0,0,1,1,1
meta-llama/Llama-3.1-8B-Instruct,cuad_anti-assignment,479,1,1,0,1,1,0
meta-llama/Llama-3.1-8B-Instruct,cuad_anti-assignment,480,1,0,1,1,1,0
meta-llama/Llama-3.1-8B-Instruct,cuad_anti-assignment,481,1,0,0,1,1,1
meta-llama/Llama-3.1-8B-Instruct,cuad_anti-assignment,482,1,1,0,0,0,0
meta-llama/Llama-3.1-8B-Instruct,cuad_anti-assignment,483,1,0,0,0,0,1
meta-llama/Llama-3.1-8B-Instruct,cuad_anti-assignment,484,1,1,1,1,1,0
meta-llama/Llama-3.1-8B-Instruct,cuad_anti-assignment,485,1,1,1,1,1,0
meta-llama/Llama-3.1-8B-Instruct,cuad_anti-assignment,486,1,0,1,1,1,0
meta-llama/Llama-3.1-8B-Instruct,cuad_anti-assignment,487,1,0,1,1,1,0
meta-llama/Llama-3.1-8B-Instruct,cuad_anti-assignment,488,1,0,1,1,1,0
meta-llama/Llama-3.1-8B-Instruct,cuad_anti-assignment,489,1,0,1,1,1,0
meta-llama/Llama-3.1-8B-Instruct,cuad_anti-assignment,490,1,0,0,1,1,1
meta-llama/Llama-3.1-8B-Instruct,cuad_anti-assignment,491,1,0,0,0,1,0
meta-llama/Llama-3.1-8B-Instruct,cuad_anti-assignment,492,1,1,1,1,1,0
meta-llama/Llama-3.1-8B-Instruct,cuad_anti-assignment,493,1,0,1,1,0,0
meta-llama/Llama-3.1-8B-Instruct,cuad_anti-assignment,494,1,0,1,1,1,0
meta-llama/Llama-3.1-8B-Instruct,cuad_anti-assignment,495,1,0,0,0,0,1
meta-llama/Llama-3.1-8B-Instruct,cuad_anti-assignment,496,1,1,1,1,1,0
meta-llama/Llama-3.1-8B-Instruct,cuad_anti-assignment,497,1,0,1,1,1,0
meta-llama/Llama-3.1-8B-Instruct,cuad_anti-assignment,498,1,0,1,1,1,1
meta-llama/Llama-3.1-8B-Instruct,cuad_anti-assignment,499,1,0,0,0,1,0
meta-llama/Llama-3.1-8B-Instruct,cuad_anti-assignment,500,1,1,0,0,0,0
meta-llama/Llama-3.1-8B-Instruct,cuad_anti-assignment,501,1,0,1,1,1,0
meta-llama/Llama-3.1-8B-Instruct,cuad_anti-assignment,502,1,0,0,0,1,1
meta-llama/Llama-3.1-8B-Instruct,cuad_anti-assignment,503,1,0,0,1,0,0
meta-llama/Llama-3.1-8B-Instruct,cuad_anti-assignment,504,1,1,1,1,1,0
meta-llama/Llama-3.1-8B-Instruct,cuad_anti-assignment,505,1,0,1,1,1,0
meta-llama/Llama-3.1-8B-Instruct,cuad_anti-assignment,506,1,0,0,0,0,0
meta-llama/Llama-3.1-8B-Instruct,cuad_anti-assignment,507,1,0,1,1,1,0
meta-llama/Llama-3.1-8B-Instruct,cuad_anti-assignment,508,1,0,0,1,1,1
meta-llama/Llama-3.1-8B-Instruct,cuad_anti-assignment,509,1,0,1,1,1,1
meta-llama/Llama-3.1-8B-Instruct,cuad_anti-assignment,510,1,0,1,1,1,1
meta-llama/Llama-3.1-8B-Instruct,cuad_anti-assignment,511,1,0,1,1,1,1
meta-llama/Llama-3.1-8B-Instruct,cuad_anti-assignment,512,1,0,1,1,1,0
meta-llama/Llama-3.1-8B-Instruct,cuad_anti-assignment,513,1,0,0,1,1,1
meta-llama/Llama-3.1-8B-Instruct,cuad_anti-assignment,514,1,0,1,1,0,1
meta-llama/Llama-3.1-8B-Instruct,cuad_anti-assignment,515,1,0,1,1,1,1
meta-llama/Llama-3.1-8B-Instruct,cuad_anti-assignment,516,1,0,0,0,1,1
meta-llama/Llama-3.1-8B-Instruct,cuad_anti-assignment,517,1,0,1,1,1,0
meta-llama/Llama-3.1-8B-Instruct,cuad_anti-assignment,518,1,0,0,1,0,1
meta-llama/Llama-3.1-8B-Instruct,cuad_anti-assignment,519,1,0,1,1,1,0
meta-llama/Llama-3.1-8B-Instruct,cuad_anti-assignment,520,1,0,1,1,1,1
meta-llama/Llama-3.1-8B-Instruct,cuad_anti-assignment,521,1,0,0,1,1,1
meta-llama/Llama-3.1-8B-Instruct,cuad_anti-assignment,522,1,0,0,1,1,0
meta-llama/Llama-3.1-8B-Instruct,cuad_anti-assignment,523,1,0,1,1,1,1
meta-llama/Llama-3.1-8B-Instruct,cuad_anti-assignment,524,1,1,1,1,1,0
meta-llama/Llama-3.1-8B-Instruct,cuad_anti-assignment,525,1,0,1,1,1,0
meta-llama/Llama-3.1-8B-Instruct,cuad_anti-assignment,526,1,0,1,1,1,1
meta-llama/Llama-3.1-8B-Instruct,cuad_anti-assignment,527,1,0,1,1,1,0
meta-llama/Llama-3.1-8B-Instruct,cuad_anti-assignment,528,1,0,1,1,1,1
meta-llama/Llama-3.1-8B-Instruct,cuad_anti-assignment,529,1,1,0,0,1,0
meta-llama/Llama-3.1-8B-Instruct,cuad_anti-assignment,530,1,0,0,0,0,0
meta-llama/Llama-3.1-8B-Instruct,cuad_anti-assignment,531,1,0,1,1,1,0
meta-llama/Llama-3.1-8B-Instruct,cuad_anti-assignment,532,1,1,0,0,0,1
meta-llama/Llama-3.1-8B-Instruct,cuad_anti-assignment,533,1,1,0,0,0,0
meta-llama/Llama-3.1-8B-Instruct,cuad_anti-assignment,534,1,1,0,0,0,1
meta-llama/Llama-3.1-8B-Instruct,cuad_anti-assignment,535,1,0,0,1,0,1
meta-llama/Llama-3.1-8B-Instruct,cuad_anti-assignment,536,1,1,0,0,0,1
meta-llama/Llama-3.1-8B-Instruct,cuad_anti-assignment,537,1,0,1,1,1,0
meta-llama/Llama-3.1-8B-Instruct,cuad_anti-assignment,538,1,1,0,1,0,1
meta-llama/Llama-3.1-8B-Instruct,cuad_anti-assignment,539,1,0,0,0,0,1
meta-llama/Llama-3.1-8B-Instruct,cuad_anti-assignment,540,1,0,1,1,1,1
meta-llama/Llama-3.1-8B-Instruct,cuad_anti-assignment,541,1,0,1,1,1,0
meta-llama/Llama-3.1-8B-Instruct,cuad_anti-assignment,542,1,0,1,1,1,1
meta-llama/Llama-3.1-8B-Instruct,cuad_anti-assignment,543,1,1,1,1,1,0
meta-llama/Llama-3.1-8B-Instruct,cuad_anti-assignment,544,1,0,1,1,1,0
meta-llama/Llama-3.1-8B-Instruct,cuad_anti-assignment,545,1,0,0,1,0,1
meta-llama/Llama-3.1-8B-Instruct,cuad_anti-assignment,546,1,1,1,1,1,1
meta-llama/Llama-3.1-8B-Instruct,cuad_anti-assignment,547,1,1,0,1,1,1
meta-llama/Llama-3.1-8B-Instruct,cuad_anti-assignment,548,1,1,0,1,0,0
meta-llama/Llama-3.1-8B-Instruct,cuad_anti-assignment,549,1,0,1,1,1,0
meta-llama/Llama-3.1-8B-Instruct,cuad_anti-assignment,550,1,0,1,1,1,0
meta-llama/Llama-3.1-8B-Instruct,cuad_anti-assignment,551,1,0,0,1,1,0
meta-llama/Llama-3.1-8B-Instruct,cuad_anti-assignment,552,1,1,1,1,1,0
meta-llama/Llama-3.1-8B-Instruct,cuad_anti-assignment,553,1,0,0,1,1,0
meta-llama/Llama-3.1-8B-Instruct,cuad_anti-assignment,554,1,1,0,1,1,0
meta-llama/Llama-3.1-8B-Instruct,cuad_anti-assignment,555,1,0,0,1,0,0
meta-llama/Llama-3.1-8B-Instruct,cuad_anti-assignment,556,1,1,0,1,1,0
meta-llama/Llama-3.1-8B-Instruct,cuad_anti-assignment,557,1,0,0,0,0,0
meta-llama/Llama-3.1-8B-Instruct,cuad_anti-assignment,558,1,0,1,1,1,0
meta-llama/Llama-3.1-8B-Instruct,cuad_anti-assignment,559,1,0,1,1,1,0
meta-llama/Llama-3.1-8B-Instruct,cuad_anti-assignment,560,1,0,1,1,1,1
meta-llama/Llama-3.1-8B-Instruct,cuad_anti-assignment,561,1,0,1,1,1,1
meta-llama/Llama-3.1-8B-Instruct,cuad_anti-assignment,562,1,0,1,1,1,1
meta-llama/Llama-3.1-8B-Instruct,cuad_anti-assignment,563,1,1,0,0,1,0
meta-llama/Llama-3.1-8B-Instruct,cuad_anti-assignment,564,1,0,1,1,1,0
meta-llama/Llama-3.1-8B-Instruct,cuad_anti-assignment,565,1,0,1,1,1,0
meta-llama/Llama-3.1-8B-Instruct,cuad_anti-assignment,566,1,0,0,0,0,1
meta-llama/Llama-3.1-8B-Instruct,cuad_anti-assignment,567,1,0,0,0,1,1
meta-llama/Llama-3.1-8B-Instruct,cuad_anti-assignment,568,1,0,0,0,0,1
meta-llama/Llama-3.1-8B-Instruct,cuad_anti-assignment,569,1,0,0,1,1,1
meta-llama/Llama-3.1-8B-Instruct,cuad_anti-assignment,570,1,0,0,1,1,1
meta-llama/Llama-3.1-8B-Instruct,cuad_anti-assignment,571,1,0,1,1,1,0
meta-llama/Llama-3.1-8B-Instruct,cuad_anti-assignment,572,1,0,0,1,1,1
meta-llama/Llama-3.1-8B-Instruct,cuad_anti-assignment,573,1,0,1,1,1,0
meta-llama/Llama-3.1-8B-Instruct,cuad_anti-assignment,574,1,0,1,1,1,0
meta-llama/Llama-3.1-8B-Instruct,cuad_anti-assignment,575,1,1,0,1,1,1
meta-llama/Llama-3.1-8B-Instruct,cuad_anti-assignment,576,1,0,0,0,0,1
meta-llama/Llama-3.1-8B-Instruct,cuad_anti-assignment,577,1,0,1,1,1,0
meta-llama/Llama-3.1-8B-Instruct,cuad_anti-assignment,578,1,0,1,1,1,0
meta-llama/Llama-3.1-8B-Instruct,cuad_anti-assignment,579,1,0,1,1,1,0
meta-llama/Llama-3.1-8B-Instruct,cuad_anti-assignment,580,1,0,0,0,0,1
meta-llama/Llama-3.1-8B-Instruct,cuad_anti-assignment,581,1,0,0,1,1,1
meta-llama/Llama-3.1-8B-Instruct,cuad_anti-assignment,582,1,0,0,1,1,0
meta-llama/Llama-3.1-8B-Instruct,cuad_anti-assignment,583,1,0,1,1,1,0
meta-llama/Llama-3.1-8B-Instruct,cuad_anti-assignment,584,1,0,1,1,1,0
meta-llama/Llama-3.1-8B-Instruct,cuad_anti-assignment,585,1,0,1,1,0,0
meta-llama/Llama-3.1-8B-Instruct,cuad_anti-assignment,586,0,0,0,0,0,0
meta-llama/Llama-3.1-8B-Instruct,cuad_anti-assignment,587,0,0,0,0,0,1
meta-llama/Llama-3.1-8B-Instruct,cuad_anti-assignment,588,0,0,0,0,0,1
meta-llama/Llama-3.1-8B-Instruct,cuad_anti-assignment,589,0,0,0,0,0,1
meta-llama/Llama-3.1-8B-Instruct,cuad_anti-assignment,590,0,1,0,0,1,0
meta-llama/Llama-3.1-8B-Instruct,cuad_anti-assignment,591,0,0,0,0,0,1
meta-llama/Llama-3.1-8B-Instruct,cuad_anti-assignment,592,0,0,0,0,0,0
meta-llama/Llama-3.1-8B-Instruct,cuad_anti-assignment,593,0,0,0,0,0,0
meta-llama/Llama-3.1-8B-Instruct,cuad_anti-assignment,594,0,0,0,0,0,1
meta-llama/Llama-3.1-8B-Instruct,cuad_anti-assignment,595,0,0,0,0,0,1
meta-llama/Llama-3.1-8B-Instruct,cuad_anti-assignment,596,0,0,0,1,0,1
meta-llama/Llama-3.1-8B-Instruct,cuad_anti-assignment,597,0,1,0,0,0,1
meta-llama/Llama-3.1-8B-Instruct,cuad_anti-assignment,598,0,0,0,0,0,0
meta-llama/Llama-3.1-8B-Instruct,cuad_anti-assignment,599,0,0,0,0,0,0
meta-llama/Llama-3.1-8B-Instruct,cuad_anti-assignment,600,0,0,0,0,0,0
meta-llama/Llama-3.1-8B-Instruct,cuad_anti-assignment,601,0,0,0,1,0,0
meta-llama/Llama-3.1-8B-Instruct,cuad_anti-assignment,602,0,0,0,0,0,0
meta-llama/Llama-3.1-8B-Instruct,cuad_anti-assignment,603,0,1,0,0,0,1
meta-llama/Llama-3.1-8B-Instruct,cuad_anti-assignment,604,0,1,0,0,0,0
meta-llama/Llama-3.1-8B-Instruct,cuad_anti-assignment,605,0,1,0,1,1,0
meta-llama/Llama-3.1-8B-Instruct,cuad_anti-assignment,606,0,0,0,0,0,0
meta-llama/Llama-3.1-8B-Instruct,cuad_anti-assignment,607,0,0,0,0,0,1
meta-llama/Llama-3.1-8B-Instruct,cuad_anti-assignment,608,0,1,0,0,1,0
meta-llama/Llama-3.1-8B-Instruct,cuad_anti-assignment,609,0,1,0,1,1,0
meta-llama/Llama-3.1-8B-Instruct,cuad_anti-assignment,610,0,0,0,0,0,1
meta-llama/Llama-3.1-8B-Instruct,cuad_anti-assignment,611,0,1,0,0,0,1
meta-llama/Llama-3.1-8B-Instruct,cuad_anti-assignment,612,0,1,0,0,1,1
meta-llama/Llama-3.1-8B-Instruct,cuad_anti-assignment,613,0,0,1,0,0,0
meta-llama/Llama-3.1-8B-Instruct,cuad_anti-assignment,614,0,1,0,0,0,1
meta-llama/Llama-3.1-8B-Instruct,cuad_anti-assignment,615,0,0,0,0,0,0
meta-llama/Llama-3.1-8B-Instruct,cuad_anti-assignment,616,0,0,0,0,0,1
meta-llama/Llama-3.1-8B-Instruct,cuad_anti-assignment,617,0,0,0,0,0,1
meta-llama/Llama-3.1-8B-Instruct,cuad_anti-assignment,618,0,0,0,0,1,0
meta-llama/Llama-3.1-8B-Instruct,cuad_anti-assignment,619,0,0,0,0,0,1
meta-llama/Llama-3.1-8B-Instruct,cuad_anti-assignment,620,0,1,0,0,0,0
meta-llama/Llama-3.1-8B-Instruct,cuad_anti-assignment,621,0,0,0,0,0,1
meta-llama/Llama-3.1-8B-Instruct,cuad_anti-assignment,622,0,0,0,0,0,1
meta-llama/Llama-3.1-8B-Instruct,cuad_anti-assignment,623,0,0,0,0,0,1
meta-llama/Llama-3.1-8B-Instruct,cuad_anti-assignment,624,0,0,0,1,0,0
meta-llama/Llama-3.1-8B-Instruct,cuad_anti-assignment,625,0,0,0,0,1,1
meta-llama/Llama-3.1-8B-Instruct,cuad_anti-assignment,626,0,1,0,0,0,1
meta-llama/Llama-3.1-8B-Instruct,cuad_anti-assignment,627,0,1,1,1,1,1
meta-llama/Llama-3.1-8B-Instruct,cuad_anti-assignment,628,0,0,0,0,0,1
meta-llama/Llama-3.1-8B-Instruct,cuad_anti-assignment,629,0,0,0,0,0,1
meta-llama/Llama-3.1-8B-Instruct,cuad_anti-assignment,630,0,1,0,0,0,1
meta-llama/Llama-3.1-8B-Instruct,cuad_anti-assignment,631,0,0,0,0,0,0
meta-llama/Llama-3.1-8B-Instruct,cuad_anti-assignment,632,0,0,0,0,0,1
meta-llama/Llama-3.1-8B-Instruct,cuad_anti-assignment,633,0,1,0,0,0,1
meta-llama/Llama-3.1-8B-Instruct,cuad_anti-assignment,634,0,0,0,0,0,1
meta-llama/Llama-3.1-8B-Instruct,cuad_anti-assignment,635,0,1,1,0,0,0
meta-llama/Llama-3.1-8B-Instruct,cuad_anti-assignment,636,0,1,0,0,0,0
meta-llama/Llama-3.1-8B-Instruct,cuad_anti-assignment,637,0,0,0,0,0,1
meta-llama/Llama-3.1-8B-Instruct,cuad_anti-assignment,638,0,0,0,0,0,0
meta-llama/Llama-3.1-8B-Instruct,cuad_anti-assignment,639,0,0,0,0,0,1
meta-llama/Llama-3.1-8B-Instruct,cuad_anti-assignment,640,0,0,0,0,0,1
meta-llama/Llama-3.1-8B-Instruct,cuad_anti-assignment,641,0,0,0,0,0,1
meta-llama/Llama-3.1-8B-Instruct,cuad_anti-assignment,642,0,0,0,0,0,1
meta-llama/Llama-3.1-8B-Instruct,cuad_anti-assignment,643,0,0,0,0,0,1
meta-llama/Llama-3.1-8B-Instruct,cuad_anti-assignment,644,0,0,0,0,0,0
meta-llama/Llama-3.1-8B-Instruct,cuad_anti-assignment,645,0,1,0,0,0,0
meta-llama/Llama-3.1-8B-Instruct,cuad_anti-assignment,646,0,0,0,1,0,1
meta-llama/Llama-3.1-8B-Instruct,cuad_anti-assignment,647,0,0,0,0,0,0
meta-llama/Llama-3.1-8B-Instruct,cuad_anti-assignment,648,0,0,0,0,1,0
meta-llama/Llama-3.1-8B-Instruct,cuad_anti-assignment,649,0,0,0,0,0,1
meta-llama/Llama-3.1-8B-Instruct,cuad_anti-assignment,650,0,0,0,0,0,1
meta-llama/Llama-3.1-8B-Instruct,cuad_anti-assignment,651,0,1,0,0,0,1
meta-llama/Llama-3.1-8B-Instruct,cuad_anti-assignment,652,0,0,0,1,1,0
meta-llama/Llama-3.1-8B-Instruct,cuad_anti-assignment,653,0,0,0,0,0,1
meta-llama/Llama-3.1-8B-Instruct,cuad_anti-assignment,654,0,0,0,0,0,1
meta-llama/Llama-3.1-8B-Instruct,cuad_anti-assignment,655,0,1,0,0,1,1
meta-llama/Llama-3.1-8B-Instruct,cuad_anti-assignment,656,0,0,0,0,0,1
meta-llama/Llama-3.1-8B-Instruct,cuad_anti-assignment,657,0,1,0,0,0,0
meta-llama/Llama-3.1-8B-Instruct,cuad_anti-assignment,658,0,1,0,1,1,1
meta-llama/Llama-3.1-8B-Instruct,cuad_anti-assignment,659,0,0,0,0,0,0
meta-llama/Llama-3.1-8B-Instruct,cuad_anti-assignment,660,0,0,0,0,0,0
meta-llama/Llama-3.1-8B-Instruct,cuad_anti-assignment,661,0,1,0,0,0,1
meta-llama/Llama-3.1-8B-Instruct,cuad_anti-assignment,662,0,0,0,1,0,1
meta-llama/Llama-3.1-8B-Instruct,cuad_anti-assignment,663,0,1,0,0,1,1
meta-llama/Llama-3.1-8B-Instruct,cuad_anti-assignment,664,0,0,0,1,1,0
meta-llama/Llama-3.1-8B-Instruct,cuad_anti-assignment,665,0,0,0,0,0,0
meta-llama/Llama-3.1-8B-Instruct,cuad_anti-assignment,666,0,0,0,0,1,0
meta-llama/Llama-3.1-8B-Instruct,cuad_anti-assignment,667,0,0,0,0,0,0
meta-llama/Llama-3.1-8B-Instruct,cuad_anti-assignment,668,0,0,0,0,1,0
meta-llama/Llama-3.1-8B-Instruct,cuad_anti-assignment,669,0,0,0,0,0,1
meta-llama/Llama-3.1-8B-Instruct,cuad_anti-assignment,670,0,0,0,1,1,1
meta-llama/Llama-3.1-8B-Instruct,cuad_anti-assignment,671,0,0,0,0,1,0
meta-llama/Llama-3.1-8B-Instruct,cuad_anti-assignment,672,0,0,0,0,0,1
meta-llama/Llama-3.1-8B-Instruct,cuad_anti-assignment,673,0,0,0,0,0,1
meta-llama/Llama-3.1-8B-Instruct,cuad_anti-assignment,674,0,0,0,0,0,1
meta-llama/Llama-3.1-8B-Instruct,cuad_anti-assignment,675,0,0,0,0,0,0
meta-llama/Llama-3.1-8B-Instruct,cuad_anti-assignment,676,0,0,0,0,0,0
meta-llama/Llama-3.1-8B-Instruct,cuad_anti-assignment,677,0,0,0,0,1,1
meta-llama/Llama-3.1-8B-Instruct,cuad_anti-assignment,678,0,0,0,1,0,1
meta-llama/Llama-3.1-8B-Instruct,cuad_anti-assignment,679,0,0,0,0,0,1
meta-llama/Llama-3.1-8B-Instruct,cuad_anti-assignment,680,0,0,1,0,0,1
meta-llama/Llama-3.1-8B-Instruct,cuad_anti-assignment,681,0,0,0,0,0,1
meta-llama/Llama-3.1-8B-Instruct,cuad_anti-assignment,682,0,0,0,0,0,1
meta-llama/Llama-3.1-8B-Instruct,cuad_anti-assignment,683,0,0,0,1,1,0
meta-llama/Llama-3.1-8B-Instruct,cuad_anti-assignment,684,0,0,0,0,0,0
meta-llama/Llama-3.1-8B-Instruct,cuad_anti-assignment,685,0,0,0,0,0,0
meta-llama/Llama-3.1-8B-Instruct,cuad_anti-assignment,686,0,1,1,1,1,1
meta-llama/Llama-3.1-8B-Instruct,cuad_anti-assignment,687,0,1,0,0,0,1
meta-llama/Llama-3.1-8B-Instruct,cuad_anti-assignment,688,0,0,1,0,0,0
meta-llama/Llama-3.1-8B-Instruct,cuad_anti-assignment,689,0,0,0,0,0,0
meta-llama/Llama-3.1-8B-Instruct,cuad_anti-assignment,690,0,0,0,1,1,1
meta-llama/Llama-3.1-8B-Instruct,cuad_anti-assignment,691,0,0,0,0,1,1
meta-llama/Llama-3.1-8B-Instruct,cuad_anti-assignment,692,0,0,0,0,0,1
meta-llama/Llama-3.1-8B-Instruct,cuad_anti-assignment,693,0,0,0,0,1,0
meta-llama/Llama-3.1-8B-Instruct,cuad_anti-assignment,694,0,0,0,0,0,0
meta-llama/Llama-3.1-8B-Instruct,cuad_anti-assignment,695,0,0,0,0,0,0
meta-llama/Llama-3.1-8B-Instruct,cuad_anti-assignment,696,0,0,0,0,0,0
meta-llama/Llama-3.1-8B-Instruct,cuad_anti-assignment,697,0,0,0,0,0,1
meta-llama/Llama-3.1-8B-Instruct,cuad_anti-assignment,698,0,0,0,0,0,0
meta-llama/Llama-3.1-8B-Instruct,cuad_anti-assignment,699,0,0,0,0,0,0
meta-llama/Llama-3.1-8B-Instruct,cuad_anti-assignment,700,0,0,0,0,1,1
meta-llama/Llama-3.1-8B-Instruct,cuad_anti-assignment,701,0,0,0,0,0,1
meta-llama/Llama-3.1-8B-Instruct,cuad_anti-assignment,702,0,0,0,0,0,1
meta-llama/Llama-3.1-8B-Instruct,cuad_anti-assignment,703,0,0,0,0,0,0
meta-llama/Llama-3.1-8B-Instruct,cuad_anti-assignment,704,0,0,0,0,1,0
meta-llama/Llama-3.1-8B-Instruct,cuad_anti-assignment,705,0,0,0,0,0,1
meta-llama/Llama-3.1-8B-Instruct,cuad_anti-assignment,706,0,0,0,0,0,0
meta-llama/Llama-3.1-8B-Instruct,cuad_anti-assignment,707,0,1,0,1,1,0
meta-llama/Llama-3.1-8B-Instruct,cuad_anti-assignment,708,0,1,0,0,0,0
meta-llama/Llama-3.1-8B-Instruct,cuad_anti-assignment,709,0,0,0,0,0,0
meta-llama/Llama-3.1-8B-Instruct,cuad_anti-assignment,710,0,0,0,0,0,1
meta-llama/Llama-3.1-8B-Instruct,cuad_anti-assignment,711,0,0,0,0,0,1
meta-llama/Llama-3.1-8B-Instruct,cuad_anti-assignment,712,0,1,0,0,1,1
meta-llama/Llama-3.1-8B-Instruct,cuad_anti-assignment,713,0,0,0,0,1,0
meta-llama/Llama-3.1-8B-Instruct,cuad_anti-assignment,714,0,0,0,0,0,0
meta-llama/Llama-3.1-8B-Instruct,cuad_anti-assignment,715,0,0,0,0,0,0
meta-llama/Llama-3.1-8B-Instruct,cuad_anti-assignment,716,0,1,0,0,0,0
meta-llama/Llama-3.1-8B-Instruct,cuad_anti-assignment,717,0,0,0,1,1,0
meta-llama/Llama-3.1-8B-Instruct,cuad_anti-assignment,718,0,0,0,0,0,0
meta-llama/Llama-3.1-8B-Instruct,cuad_anti-assignment,719,0,0,0,0,1,0
meta-llama/Llama-3.1-8B-Instruct,cuad_anti-assignment,720,0,0,0,0,0,0
meta-llama/Llama-3.1-8B-Instruct,cuad_anti-assignment,721,0,0,0,0,1,0
meta-llama/Llama-3.1-8B-Instruct,cuad_anti-assignment,722,0,0,0,0,1,0
meta-llama/Llama-3.1-8B-Instruct,cuad_anti-assignment,723,0,0,0,0,0,0
meta-llama/Llama-3.1-8B-Instruct,cuad_anti-assignment,724,0,1,1,0,0,0
meta-llama/Llama-3.1-8B-Instruct,cuad_anti-assignment,725,0,1,0,1,1,0
meta-llama/Llama-3.1-8B-Instruct,cuad_anti-assignment,726,0,0,0,0,0,1
meta-llama/Llama-3.1-8B-Instruct,cuad_anti-assignment,727,0,0,0,0,0,0
meta-llama/Llama-3.1-8B-Instruct,cuad_anti-assignment,728,0,0,0,0,0,1
meta-llama/Llama-3.1-8B-Instruct,cuad_anti-assignment,729,0,0,0,0,0,0
meta-llama/Llama-3.1-8B-Instruct,cuad_anti-assignment,730,0,0,0,0,0,0
meta-llama/Llama-3.1-8B-Instruct,cuad_anti-assignment,731,0,0,0,0,0,0
meta-llama/Llama-3.1-8B-Instruct,cuad_anti-assignment,732,0,1,1,1,1,0
meta-llama/Llama-3.1-8B-Instruct,cuad_anti-assignment,733,0,1,0,0,1,1
meta-llama/Llama-3.1-8B-Instruct,cuad_anti-assignment,734,0,0,0,1,1,1
meta-llama/Llama-3.1-8B-Instruct,cuad_anti-assignment,735,0,1,0,1,0,0
meta-llama/Llama-3.1-8B-Instruct,cuad_anti-assignment,736,0,0,0,0,0,1
meta-llama/Llama-3.1-8B-Instruct,cuad_anti-assignment,737,0,0,0,0,0,0
meta-llama/Llama-3.1-8B-Instruct,cuad_anti-assignment,738,0,0,0,0,0,0
meta-llama/Llama-3.1-8B-Instruct,cuad_anti-assignment,739,0,0,0,0,1,1
meta-llama/Llama-3.1-8B-Instruct,cuad_anti-assignment,740,0,0,0,0,0,0
meta-llama/Llama-3.1-8B-Instruct,cuad_anti-assignment,741,0,1,0,0,0,1
meta-llama/Llama-3.1-8B-Instruct,cuad_anti-assignment,742,0,0,0,0,0,1
meta-llama/Llama-3.1-8B-Instruct,cuad_anti-assignment,743,0,0,0,0,0,1
meta-llama/Llama-3.1-8B-Instruct,cuad_anti-assignment,744,0,0,0,0,0,1
meta-llama/Llama-3.1-8B-Instruct,cuad_anti-assignment,745,0,0,0,0,0,1
meta-llama/Llama-3.1-8B-Instruct,cuad_anti-assignment,746,0,0,1,1,0,0
meta-llama/Llama-3.1-8B-Instruct,cuad_anti-assignment,747,0,0,0,0,0,1
meta-llama/Llama-3.1-8B-Instruct,cuad_anti-assignment,748,0,0,0,0,0,1
meta-llama/Llama-3.1-8B-Instruct,cuad_anti-assignment,749,0,0,0,1,0,1
meta-llama/Llama-3.1-8B-Instruct,cuad_anti-assignment,750,0,0,0,0,1,1
meta-llama/Llama-3.1-8B-Instruct,cuad_anti-assignment,751,0,0,0,0,0,1
meta-llama/Llama-3.1-8B-Instruct,cuad_anti-assignment,752,0,0,0,0,1,0
meta-llama/Llama-3.1-8B-Instruct,cuad_anti-assignment,753,0,0,0,0,0,1
meta-llama/Llama-3.1-8B-Instruct,cuad_anti-assignment,754,0,0,0,0,0,1
meta-llama/Llama-3.1-8B-Instruct,cuad_anti-assignment,755,0,1,0,1,0,0
meta-llama/Llama-3.1-8B-Instruct,cuad_anti-assignment,756,0,0,0,0,0,1
meta-llama/Llama-3.1-8B-Instruct,cuad_anti-assignment,757,0,0,0,0,0,1
meta-llama/Llama-3.1-8B-Instruct,cuad_anti-assignment,758,0,0,0,0,0,0
meta-llama/Llama-3.1-8B-Instruct,cuad_anti-assignment,759,0,1,1,1,1,0
meta-llama/Llama-3.1-8B-Instruct,cuad_anti-assignment,760,0,0,0,0,0,1
meta-llama/Llama-3.1-8B-Instruct,cuad_anti-assignment,761,0,0,0,0,0,0
meta-llama/Llama-3.1-8B-Instruct,cuad_anti-assignment,762,0,0,0,0,1,0
meta-llama/Llama-3.1-8B-Instruct,cuad_anti-assignment,763,0,0,0,1,1,0
meta-llama/Llama-3.1-8B-Instruct,cuad_anti-assignment,764,0,0,0,0,0,0
meta-llama/Llama-3.1-8B-Instruct,cuad_anti-assignment,765,0,0,0,0,0,1
meta-llama/Llama-3.1-8B-Instruct,cuad_anti-assignment,766,0,1,0,0,1,0
meta-llama/Llama-3.1-8B-Instruct,cuad_anti-assignment,767,0,1,0,0,0,1
meta-llama/Llama-3.1-8B-Instruct,cuad_anti-assignment,768,0,1,0,0,0,1
meta-llama/Llama-3.1-8B-Instruct,cuad_anti-assignment,769,0,0,0,1,1,0
meta-llama/Llama-3.1-8B-Instruct,cuad_anti-assignment,770,0,1,0,0,0,1
meta-llama/Llama-3.1-8B-Instruct,cuad_anti-assignment,771,0,0,0,0,0,1
meta-llama/Llama-3.1-8B-Instruct,cuad_anti-assignment,772,0,0,0,0,0,0
meta-llama/Llama-3.1-8B-Instruct,cuad_anti-assignment,773,0,0,0,0,0,1
meta-llama/Llama-3.1-8B-Instruct,cuad_anti-assignment,774,0,0,0,0,1,0
meta-llama/Llama-3.1-8B-Instruct,cuad_anti-assignment,775,0,0,0,0,0,1
meta-llama/Llama-3.1-8B-Instruct,cuad_anti-assignment,776,0,0,0,0,0,0
meta-llama/Llama-3.1-8B-Instruct,cuad_anti-assignment,777,0,1,0,0,0,1
meta-llama/Llama-3.1-8B-Instruct,cuad_anti-assignment,778,0,0,0,0,1,1
meta-llama/Llama-3.1-8B-Instruct,cuad_anti-assignment,779,0,0,1,1,1,0
meta-llama/Llama-3.1-8B-Instruct,cuad_anti-assignment,780,0,1,0,1,0,0
meta-llama/Llama-3.1-8B-Instruct,cuad_anti-assignment,781,0,1,0,0,0,0
meta-llama/Llama-3.1-8B-Instruct,cuad_anti-assignment,782,0,0,1,1,1,0
meta-llama/Llama-3.1-8B-Instruct,cuad_anti-assignment,783,0,0,0,0,0,1
meta-llama/Llama-3.1-8B-Instruct,cuad_anti-assignment,784,0,0,0,0,0,1
meta-llama/Llama-3.1-8B-Instruct,cuad_anti-assignment,785,0,0,0,0,1,0
meta-llama/Llama-3.1-8B-Instruct,cuad_anti-assignment,786,0,1,1,1,1,0
meta-llama/Llama-3.1-8B-Instruct,cuad_anti-assignment,787,0,0,0,0,1,1
meta-llama/Llama-3.1-8B-Instruct,cuad_anti-assignment,788,0,0,0,0,0,0
meta-llama/Llama-3.1-8B-Instruct,cuad_anti-assignment,789,0,0,0,0,1,0
meta-llama/Llama-3.1-8B-Instruct,cuad_anti-assignment,790,0,0,0,0,0,0
meta-llama/Llama-3.1-8B-Instruct,cuad_anti-assignment,791,0,0,0,0,0,1
meta-llama/Llama-3.1-8B-Instruct,cuad_anti-assignment,792,0,1,0,0,0,0
meta-llama/Llama-3.1-8B-Instruct,cuad_anti-assignment,793,0,0,0,0,1,0
meta-llama/Llama-3.1-8B-Instruct,cuad_anti-assignment,794,0,0,0,0,0,0
meta-llama/Llama-3.1-8B-Instruct,cuad_anti-assignment,795,0,1,0,0,0,1
meta-llama/Llama-3.1-8B-Instruct,cuad_anti-assignment,796,0,0,0,0,0,1
meta-llama/Llama-3.1-8B-Instruct,cuad_anti-assignment,797,0,0,0,0,0,1
meta-llama/Llama-3.1-8B-Instruct,cuad_anti-assignment,798,0,0,0,0,0,1
meta-llama/Llama-3.1-8B-Instruct,cuad_anti-assignment,799,0,1,1,0,1,0
meta-llama/Llama-3.1-8B-Instruct,cuad_anti-assignment,800,0,0,0,0,0,1
meta-llama/Llama-3.1-8B-Instruct,cuad_anti-assignment,801,0,0,0,0,0,0
meta-llama/Llama-3.1-8B-Instruct,cuad_anti-assignment,802,0,0,0,0,0,1
meta-llama/Llama-3.1-8B-Instruct,cuad_anti-assignment,803,0,0,0,0,0,0
meta-llama/Llama-3.1-8B-Instruct,cuad_anti-assignment,804,0,0,0,0,0,0
meta-llama/Llama-3.1-8B-Instruct,cuad_anti-assignment,805,0,0,0,0,0,1
meta-llama/Llama-3.1-8B-Instruct,cuad_anti-assignment,806,0,0,0,0,0,1
meta-llama/Llama-3.1-8B-Instruct,cuad_anti-assignment,807,0,0,0,0,0,1
meta-llama/Llama-3.1-8B-Instruct,cuad_anti-assignment,808,0,0,0,0,0,0
meta-llama/Llama-3.1-8B-Instruct,cuad_anti-assignment,809,0,0,0,0,1,1
meta-llama/Llama-3.1-8B-Instruct,cuad_anti-assignment,810,0,0,0,0,1,1
meta-llama/Llama-3.1-8B-Instruct,cuad_anti-assignment,811,0,0,0,0,0,1
meta-llama/Llama-3.1-8B-Instruct,cuad_anti-assignment,812,0,0,0,0,0,1
meta-llama/Llama-3.1-8B-Instruct,cuad_anti-assignment,813,0,0,0,0,1,1
meta-llama/Llama-3.1-8B-Instruct,cuad_anti-assignment,814,0,0,0,0,0,0
meta-llama/Llama-3.1-8B-Instruct,cuad_anti-assignment,815,0,0,0,0,0,1
meta-llama/Llama-3.1-8B-Instruct,cuad_anti-assignment,816,0,0,0,0,0,1
meta-llama/Llama-3.1-8B-Instruct,cuad_anti-assignment,817,0,0,0,0,0,1
meta-llama/Llama-3.1-8B-Instruct,cuad_anti-assignment,818,0,0,1,1,1,0
meta-llama/Llama-3.1-8B-Instruct,cuad_anti-assignment,819,0,0,1,1,1,1
meta-llama/Llama-3.1-8B-Instruct,cuad_anti-assignment,820,0,0,0,0,0,1
meta-llama/Llama-3.1-8B-Instruct,cuad_anti-assignment,821,0,0,0,0,0,1
meta-llama/Llama-3.1-8B-Instruct,cuad_anti-assignment,822,0,0,0,0,0,0
meta-llama/Llama-3.1-8B-Instruct,cuad_anti-assignment,823,0,0,0,0,0,1
meta-llama/Llama-3.1-8B-Instruct,cuad_anti-assignment,824,0,0,0,0,0,1
meta-llama/Llama-3.1-8B-Instruct,cuad_anti-assignment,825,0,0,0,0,0,0
meta-llama/Llama-3.1-8B-Instruct,cuad_anti-assignment,826,0,1,0,0,1,0
meta-llama/Llama-3.1-8B-Instruct,cuad_anti-assignment,827,0,0,0,0,0,1
meta-llama/Llama-3.1-8B-Instruct,cuad_anti-assignment,828,0,1,0,0,0,1
meta-llama/Llama-3.1-8B-Instruct,cuad_anti-assignment,829,0,1,0,1,1,0
meta-llama/Llama-3.1-8B-Instruct,cuad_anti-assignment,830,0,0,1,1,1,0
meta-llama/Llama-3.1-8B-Instruct,cuad_anti-assignment,831,0,0,0,0,0,0
meta-llama/Llama-3.1-8B-Instruct,cuad_anti-assignment,832,0,1,0,0,0,1
meta-llama/Llama-3.1-8B-Instruct,cuad_anti-assignment,833,0,1,0,0,0,1
meta-llama/Llama-3.1-8B-Instruct,cuad_anti-assignment,834,0,0,0,0,0,1
meta-llama/Llama-3.1-8B-Instruct,cuad_anti-assignment,835,0,0,0,0,0,1
meta-llama/Llama-3.1-8B-Instruct,cuad_anti-assignment,836,0,0,0,0,0,0
meta-llama/Llama-3.1-8B-Instruct,cuad_anti-assignment,837,0,0,0,0,0,1
meta-llama/Llama-3.1-8B-Instruct,cuad_anti-assignment,838,0,1,0,0,0,0
meta-llama/Llama-3.1-8B-Instruct,cuad_anti-assignment,839,0,0,0,0,0,0
meta-llama/Llama-3.1-8B-Instruct,cuad_anti-assignment,840,0,0,0,0,0,1
meta-llama/Llama-3.1-8B-Instruct,cuad_anti-assignment,841,0,0,0,1,1,1
meta-llama/Llama-3.1-8B-Instruct,cuad_anti-assignment,842,0,0,0,0,0,0
meta-llama/Llama-3.1-8B-Instruct,cuad_anti-assignment,843,0,0,0,0,0,1
meta-llama/Llama-3.1-8B-Instruct,cuad_anti-assignment,844,0,0,0,1,1,0
meta-llama/Llama-3.1-8B-Instruct,cuad_anti-assignment,845,0,1,0,0,0,1
meta-llama/Llama-3.1-8B-Instruct,cuad_anti-assignment,846,0,1,0,0,0,1
meta-llama/Llama-3.1-8B-Instruct,cuad_anti-assignment,847,0,0,0,0,1,1
meta-llama/Llama-3.1-8B-Instruct,cuad_anti-assignment,848,0,0,0,0,0,1
meta-llama/Llama-3.1-8B-Instruct,cuad_anti-assignment,849,0,0,0,1,0,0
meta-llama/Llama-3.1-8B-Instruct,cuad_anti-assignment,850,0,0,0,0,0,0
meta-llama/Llama-3.1-8B-Instruct,cuad_anti-assignment,851,0,1,1,0,0,1
meta-llama/Llama-3.1-8B-Instruct,cuad_anti-assignment,852,0,0,0,0,1,1
meta-llama/Llama-3.1-8B-Instruct,cuad_anti-assignment,853,0,0,0,0,0,1
meta-llama/Llama-3.1-8B-Instruct,cuad_anti-assignment,854,0,0,0,0,1,0
meta-llama/Llama-3.1-8B-Instruct,cuad_anti-assignment,855,0,0,0,0,0,1
meta-llama/Llama-3.1-8B-Instruct,cuad_anti-assignment,856,0,0,0,1,1,1
meta-llama/Llama-3.1-8B-Instruct,cuad_anti-assignment,857,0,0,0,0,0,1
meta-llama/Llama-3.1-8B-Instruct,cuad_anti-assignment,858,0,0,0,0,0,0
meta-llama/Llama-3.1-8B-Instruct,cuad_anti-assignment,859,0,0,0,0,0,1
meta-llama/Llama-3.1-8B-Instruct,cuad_anti-assignment,860,0,0,1,0,0,1
meta-llama/Llama-3.1-8B-Instruct,cuad_anti-assignment,861,0,1,0,0,0,0
meta-llama/Llama-3.1-8B-Instruct,cuad_anti-assignment,862,0,0,0,0,0,0
meta-llama/Llama-3.1-8B-Instruct,cuad_anti-assignment,863,0,0,0,0,0,0
meta-llama/Llama-3.1-8B-Instruct,cuad_anti-assignment,864,0,0,0,0,1,0
meta-llama/Llama-3.1-8B-Instruct,cuad_anti-assignment,865,0,1,0,1,0,1
meta-llama/Llama-3.1-8B-Instruct,cuad_anti-assignment,866,0,0,0,0,0,1
meta-llama/Llama-3.1-8B-Instruct,cuad_anti-assignment,867,0,0,0,0,0,1
meta-llama/Llama-3.1-8B-Instruct,cuad_anti-assignment,868,0,1,0,0,0,1
meta-llama/Llama-3.1-8B-Instruct,cuad_anti-assignment,869,0,0,0,0,0,0
meta-llama/Llama-3.1-8B-Instruct,cuad_anti-assignment,870,0,1,0,0,1,1
meta-llama/Llama-3.1-8B-Instruct,cuad_anti-assignment,871,0,0,0,0,0,0
meta-llama/Llama-3.1-8B-Instruct,cuad_anti-assignment,872,0,0,0,0,0,1
meta-llama/Llama-3.1-8B-Instruct,cuad_anti-assignment,873,0,0,0,0,0,0
meta-llama/Llama-3.1-8B-Instruct,cuad_anti-assignment,874,0,0,0,0,0,1
meta-llama/Llama-3.1-8B-Instruct,cuad_anti-assignment,875,0,0,0,0,0,1
meta-llama/Llama-3.1-8B-Instruct,cuad_anti-assignment,876,0,1,0,0,0,0
meta-llama/Llama-3.1-8B-Instruct,cuad_anti-assignment,877,0,0,0,0,0,0
meta-llama/Llama-3.1-8B-Instruct,cuad_anti-assignment,878,0,0,1,0,0,1
meta-llama/Llama-3.1-8B-Instruct,cuad_anti-assignment,879,0,0,0,0,0,1
meta-llama/Llama-3.1-8B-Instruct,cuad_anti-assignment,880,0,1,0,1,1,0
meta-llama/Llama-3.1-8B-Instruct,cuad_anti-assignment,881,0,1,0,0,0,1
meta-llama/Llama-3.1-8B-Instruct,cuad_anti-assignment,882,0,0,0,0,0,0
meta-llama/Llama-3.1-8B-Instruct,cuad_anti-assignment,883,0,0,0,1,1,1
meta-llama/Llama-3.1-8B-Instruct,cuad_anti-assignment,884,0,0,0,0,0,0
meta-llama/Llama-3.1-8B-Instruct,cuad_anti-assignment,885,0,0,0,0,0,0
meta-llama/Llama-3.1-8B-Instruct,cuad_anti-assignment,886,0,0,0,0,0,1
meta-llama/Llama-3.1-8B-Instruct,cuad_anti-assignment,887,0,0,0,0,0,0
meta-llama/Llama-3.1-8B-Instruct,cuad_anti-assignment,888,0,0,1,0,0,0
meta-llama/Llama-3.1-8B-Instruct,cuad_anti-assignment,889,0,0,0,0,0,0
meta-llama/Llama-3.1-8B-Instruct,cuad_anti-assignment,890,0,1,0,0,1,1
meta-llama/Llama-3.1-8B-Instruct,cuad_anti-assignment,891,0,0,0,0,1,0
meta-llama/Llama-3.1-8B-Instruct,cuad_anti-assignment,892,0,1,1,1,1,1
meta-llama/Llama-3.1-8B-Instruct,cuad_anti-assignment,893,0,0,0,0,0,0
meta-llama/Llama-3.1-8B-Instruct,cuad_anti-assignment,894,0,0,0,0,0,0
meta-llama/Llama-3.1-8B-Instruct,cuad_anti-assignment,895,0,0,0,0,0,0
meta-llama/Llama-3.1-8B-Instruct,cuad_anti-assignment,896,0,0,0,0,0,1
meta-llama/Llama-3.1-8B-Instruct,cuad_anti-assignment,897,0,0,0,0,0,0
meta-llama/Llama-3.1-8B-Instruct,cuad_anti-assignment,898,0,0,0,0,0,1
meta-llama/Llama-3.1-8B-Instruct,cuad_anti-assignment,899,0,0,1,1,1,0
meta-llama/Llama-3.1-8B-Instruct,cuad_anti-assignment,900,0,0,0,0,0,0
meta-llama/Llama-3.1-8B-Instruct,cuad_anti-assignment,901,0,0,0,0,0,1
meta-llama/Llama-3.1-8B-Instruct,cuad_anti-assignment,902,0,0,0,0,0,1
meta-llama/Llama-3.1-8B-Instruct,cuad_anti-assignment,903,0,1,0,0,0,0
meta-llama/Llama-3.1-8B-Instruct,cuad_anti-assignment,904,0,0,0,1,0,1
meta-llama/Llama-3.1-8B-Instruct,cuad_anti-assignment,905,0,0,0,0,0,0
meta-llama/Llama-3.1-8B-Instruct,cuad_anti-assignment,906,0,1,0,0,1,1
meta-llama/Llama-3.1-8B-Instruct,cuad_anti-assignment,907,0,0,0,0,0,0
meta-llama/Llama-3.1-8B-Instruct,cuad_anti-assignment,908,0,0,1,0,0,1
meta-llama/Llama-3.1-8B-Instruct,cuad_anti-assignment,909,0,0,0,0,0,0
meta-llama/Llama-3.1-8B-Instruct,cuad_anti-assignment,910,0,0,0,0,0,0
meta-llama/Llama-3.1-8B-Instruct,cuad_anti-assignment,911,0,1,0,0,0,1
meta-llama/Llama-3.1-8B-Instruct,cuad_anti-assignment,912,0,0,0,1,0,0
meta-llama/Llama-3.1-8B-Instruct,cuad_anti-assignment,913,0,0,0,0,0,0
meta-llama/Llama-3.1-8B-Instruct,cuad_anti-assignment,914,0,0,0,0,0,1
meta-llama/Llama-3.1-8B-Instruct,cuad_anti-assignment,915,0,1,1,1,1,1
meta-llama/Llama-3.1-8B-Instruct,cuad_anti-assignment,916,0,0,1,1,0,0
meta-llama/Llama-3.1-8B-Instruct,cuad_anti-assignment,917,0,0,0,0,0,0
meta-llama/Llama-3.1-8B-Instruct,cuad_anti-assignment,918,0,1,0,0,1,0
meta-llama/Llama-3.1-8B-Instruct,cuad_anti-assignment,919,0,1,0,0,0,1
meta-llama/Llama-3.1-8B-Instruct,cuad_anti-assignment,920,0,0,0,0,0,1
meta-llama/Llama-3.1-8B-Instruct,cuad_anti-assignment,921,0,0,0,0,0,1
meta-llama/Llama-3.1-8B-Instruct,cuad_anti-assignment,922,0,0,0,0,0,1
meta-llama/Llama-3.1-8B-Instruct,cuad_anti-assignment,923,0,0,1,1,1,1
meta-llama/Llama-3.1-8B-Instruct,cuad_anti-assignment,924,0,1,0,1,1,1
meta-llama/Llama-3.1-8B-Instruct,cuad_anti-assignment,925,0,0,0,0,0,1
meta-llama/Llama-3.1-8B-Instruct,cuad_anti-assignment,926,0,0,1,1,1,0
meta-llama/Llama-3.1-8B-Instruct,cuad_anti-assignment,927,0,0,0,0,0,0
meta-llama/Llama-3.1-8B-Instruct,cuad_anti-assignment,928,0,0,0,1,1,1
meta-llama/Llama-3.1-8B-Instruct,cuad_anti-assignment,929,0,0,0,0,0,0
meta-llama/Llama-3.1-8B-Instruct,cuad_anti-assignment,930,0,0,0,0,0,1
meta-llama/Llama-3.1-8B-Instruct,cuad_anti-assignment,931,0,0,0,0,1,0
meta-llama/Llama-3.1-8B-Instruct,cuad_anti-assignment,932,0,0,0,0,0,1
meta-llama/Llama-3.1-8B-Instruct,cuad_anti-assignment,933,0,0,0,0,0,1
meta-llama/Llama-3.1-8B-Instruct,cuad_anti-assignment,934,0,0,0,0,0,0
meta-llama/Llama-3.1-8B-Instruct,cuad_anti-assignment,935,0,0,0,1,1,0
meta-llama/Llama-3.1-8B-Instruct,cuad_anti-assignment,936,0,0,0,0,0,1
meta-llama/Llama-3.1-8B-Instruct,cuad_anti-assignment,937,0,0,0,0,0,1
meta-llama/Llama-3.1-8B-Instruct,cuad_anti-assignment,938,0,0,1,1,1,0
meta-llama/Llama-3.1-8B-Instruct,cuad_anti-assignment,939,0,0,0,1,1,1
meta-llama/Llama-3.1-8B-Instruct,cuad_anti-assignment,940,0,0,0,0,0,1
meta-llama/Llama-3.1-8B-Instruct,cuad_anti-assignment,941,0,0,0,0,0,0
meta-llama/Llama-3.1-8B-Instruct,cuad_anti-assignment,942,0,0,0,0,0,1
meta-llama/Llama-3.1-8B-Instruct,cuad_anti-assignment,943,0,0,0,0,0,0
meta-llama/Llama-3.1-8B-Instruct,cuad_anti-assignment,944,0,0,0,0,0,0
meta-llama/Llama-3.1-8B-Instruct,cuad_anti-assignment,945,0,0,0,0,0,1
meta-llama/Llama-3.1-8B-Instruct,cuad_anti-assignment,946,0,0,0,0,0,0
meta-llama/Llama-3.1-8B-Instruct,cuad_anti-assignment,947,0,0,1,1,1,0
meta-llama/Llama-3.1-8B-Instruct,cuad_anti-assignment,948,0,0,0,0,0,0
meta-llama/Llama-3.1-8B-Instruct,cuad_anti-assignment,949,0,0,0,0,0,0
meta-llama/Llama-3.1-8B-Instruct,cuad_anti-assignment,950,0,1,0,1,1,0
meta-llama/Llama-3.1-8B-Instruct,cuad_anti-assignment,951,0,0,0,0,0,1
meta-llama/Llama-3.1-8B-Instruct,cuad_anti-assignment,952,0,1,0,0,0,0
meta-llama/Llama-3.1-8B-Instruct,cuad_anti-assignment,953,0,1,0,0,0,0
meta-llama/Llama-3.1-8B-Instruct,cuad_anti-assignment,954,0,0,0,0,1,1
meta-llama/Llama-3.1-8B-Instruct,cuad_anti-assignment,955,0,0,0,0,1,0
meta-llama/Llama-3.1-8B-Instruct,cuad_anti-assignment,956,0,0,0,0,0,1
meta-llama/Llama-3.1-8B-Instruct,cuad_anti-assignment,957,0,1,0,0,0,0
meta-llama/Llama-3.1-8B-Instruct,cuad_anti-assignment,958,0,0,0,0,0,1
meta-llama/Llama-3.1-8B-Instruct,cuad_anti-assignment,959,0,0,0,0,0,0
meta-llama/Llama-3.1-8B-Instruct,cuad_anti-assignment,960,0,0,0,0,0,1
meta-llama/Llama-3.1-8B-Instruct,cuad_anti-assignment,961,0,0,0,0,0,1
meta-llama/Llama-3.1-8B-Instruct,cuad_anti-assignment,962,0,1,0,1,0,0
meta-llama/Llama-3.1-8B-Instruct,cuad_anti-assignment,963,0,0,0,0,1,0
meta-llama/Llama-3.1-8B-Instruct,cuad_anti-assignment,964,0,0,0,0,0,1
meta-llama/Llama-3.1-8B-Instruct,cuad_anti-assignment,965,0,0,0,0,0,0
meta-llama/Llama-3.1-8B-Instruct,cuad_anti-assignment,966,0,0,1,0,1,0
meta-llama/Llama-3.1-8B-Instruct,cuad_anti-assignment,967,0,0,0,0,0,0
meta-llama/Llama-3.1-8B-Instruct,cuad_anti-assignment,968,0,0,0,0,0,0
meta-llama/Llama-3.1-8B-Instruct,cuad_anti-assignment,969,0,0,0,0,0,1
meta-llama/Llama-3.1-8B-Instruct,cuad_anti-assignment,970,0,1,0,0,0,1
meta-llama/Llama-3.1-8B-Instruct,cuad_anti-assignment,971,0,1,0,0,0,1
meta-llama/Llama-3.1-8B-Instruct,cuad_anti-assignment,972,0,0,0,0,0,1
meta-llama/Llama-3.1-8B-Instruct,cuad_anti-assignment,973,0,0,0,0,1,1
meta-llama/Llama-3.1-8B-Instruct,cuad_anti-assignment,974,0,0,0,0,0,0
meta-llama/Llama-3.1-8B-Instruct,cuad_anti-assignment,975,0,0,0,0,0,1
meta-llama/Llama-3.1-8B-Instruct,cuad_anti-assignment,976,0,0,0,0,0,0
meta-llama/Llama-3.1-8B-Instruct,cuad_anti-assignment,977,0,0,0,0,0,1
meta-llama/Llama-3.1-8B-Instruct,cuad_anti-assignment,978,0,0,0,0,0,1
meta-llama/Llama-3.1-8B-Instruct,cuad_anti-assignment,979,0,0,0,0,0,1
meta-llama/Llama-3.1-8B-Instruct,cuad_anti-assignment,980,0,1,0,0,0,0
meta-llama/Llama-3.1-8B-Instruct,cuad_anti-assignment,981,0,0,0,0,0,0
meta-llama/Llama-3.1-8B-Instruct,cuad_anti-assignment,982,0,1,0,0,0,0
meta-llama/Llama-3.1-8B-Instruct,cuad_anti-assignment,983,0,0,0,0,0,0
meta-llama/Llama-3.1-8B-Instruct,cuad_anti-assignment,984,0,1,0,1,0,0
meta-llama/Llama-3.1-8B-Instruct,cuad_anti-assignment,985,0,0,0,0,0,0
meta-llama/Llama-3.1-8B-Instruct,cuad_anti-assignment,986,0,1,0,0,0,1
meta-llama/Llama-3.1-8B-Instruct,cuad_anti-assignment,987,0,0,0,0,0,0
meta-llama/Llama-3.1-8B-Instruct,cuad_anti-assignment,988,0,0,0,0,0,1
meta-llama/Llama-3.1-8B-Instruct,cuad_anti-assignment,989,0,0,0,0,0,0
meta-llama/Llama-3.1-8B-Instruct,cuad_anti-assignment,990,0,1,0,1,1,0
meta-llama/Llama-3.1-8B-Instruct,cuad_anti-assignment,991,0,0,0,0,0,0
meta-llama/Llama-3.1-8B-Instruct,cuad_anti-assignment,992,0,0,0,1,0,0
meta-llama/Llama-3.1-8B-Instruct,cuad_anti-assignment,993,0,1,0,0,0,0
meta-llama/Llama-3.1-8B-Instruct,cuad_anti-assignment,994,0,0,0,0,0,1
meta-llama/Llama-3.1-8B-Instruct,cuad_anti-assignment,995,0,1,0,0,0,1
meta-llama/Llama-3.1-8B-Instruct,cuad_anti-assignment,996,0,0,0,0,0,0
meta-llama/Llama-3.1-8B-Instruct,cuad_anti-assignment,997,0,0,0,1,0,0
meta-llama/Llama-3.1-8B-Instruct,cuad_anti-assignment,998,0,0,0,0,0,1
meta-llama/Llama-3.1-8B-Instruct,cuad_anti-assignment,999,0,0,0,0,0,1
meta-llama/Llama-3.1-8B-Instruct,cuad_anti-assignment,1000,0,1,0,0,0,1
meta-llama/Llama-3.1-8B-Instruct,cuad_anti-assignment,1001,0,0,0,0,0,1
meta-llama/Llama-3.1-8B-Instruct,cuad_anti-assignment,1002,0,0,0,1,0,0
meta-llama/Llama-3.1-8B-Instruct,cuad_anti-assignment,1003,0,0,0,0,0,1
meta-llama/Llama-3.1-8B-Instruct,cuad_anti-assignment,1004,0,0,0,0,0,0
meta-llama/Llama-3.1-8B-Instruct,cuad_anti-assignment,1005,0,0,0,0,0,1
meta-llama/Llama-3.1-8B-Instruct,cuad_anti-assignment,1006,0,0,0,0,0,0
meta-llama/Llama-3.1-8B-Instruct,cuad_anti-assignment,1007,0,0,0,0,1,1
meta-llama/Llama-3.1-8B-Instruct,cuad_anti-assignment,1008,0,0,1,0,1,1
meta-llama/Llama-3.1-8B-Instruct,cuad_anti-assignment,1009,0,0,0,0,0,1
meta-llama/Llama-3.1-8B-Instruct,cuad_anti-assignment,1010,0,0,0,1,1,1
meta-llama/Llama-3.1-8B-Instruct,cuad_anti-assignment,1011,0,0,1,1,1,1
meta-llama/Llama-3.1-8B-Instruct,cuad_anti-assignment,1012,0,0,0,0,0,1
meta-llama/Llama-3.1-8B-Instruct,cuad_anti-assignment,1013,0,0,0,1,1,0
meta-llama/Llama-3.1-8B-Instruct,cuad_anti-assignment,1014,0,1,0,0,0,0
meta-llama/Llama-3.1-8B-Instruct,cuad_anti-assignment,1015,0,0,0,0,0,0
meta-llama/Llama-3.1-8B-Instruct,cuad_anti-assignment,1016,0,0,0,0,0,0
meta-llama/Llama-3.1-8B-Instruct,cuad_anti-assignment,1017,0,0,0,0,0,1
meta-llama/Llama-3.1-8B-Instruct,cuad_anti-assignment,1018,0,0,0,1,0,0
meta-llama/Llama-3.1-8B-Instruct,cuad_anti-assignment,1019,0,0,0,0,0,1
meta-llama/Llama-3.1-8B-Instruct,cuad_anti-assignment,1020,0,1,1,1,1,0
meta-llama/Llama-3.1-8B-Instruct,cuad_anti-assignment,1021,0,0,0,0,0,1
meta-llama/Llama-3.1-8B-Instruct,cuad_anti-assignment,1022,0,0,0,0,0,1
meta-llama/Llama-3.1-8B-Instruct,cuad_anti-assignment,1023,0,0,0,1,1,1
meta-llama/Llama-3.1-8B-Instruct,cuad_anti-assignment,1024,0,0,0,0,0,1
meta-llama/Llama-3.1-8B-Instruct,cuad_anti-assignment,1025,0,0,0,0,0,0
meta-llama/Llama-3.1-8B-Instruct,cuad_anti-assignment,1026,0,0,0,0,0,0
meta-llama/Llama-3.1-8B-Instruct,cuad_anti-assignment,1027,0,0,0,1,1,0
meta-llama/Llama-3.1-8B-Instruct,cuad_anti-assignment,1028,0,0,0,0,0,1
meta-llama/Llama-3.1-8B-Instruct,cuad_anti-assignment,1029,0,0,0,0,0,1
meta-llama/Llama-3.1-8B-Instruct,cuad_anti-assignment,1030,0,0,0,1,1,1
meta-llama/Llama-3.1-8B-Instruct,cuad_anti-assignment,1031,0,0,0,1,1,0
meta-llama/Llama-3.1-8B-Instruct,cuad_anti-assignment,1032,0,0,0,0,0,1
meta-llama/Llama-3.1-8B-Instruct,cuad_anti-assignment,1033,0,0,0,0,0,1
meta-llama/Llama-3.1-8B-Instruct,cuad_anti-assignment,1034,0,1,0,0,0,0
meta-llama/Llama-3.1-8B-Instruct,cuad_anti-assignment,1035,0,0,0,0,0,0
meta-llama/Llama-3.1-8B-Instruct,cuad_anti-assignment,1036,0,0,0,0,0,1
meta-llama/Llama-3.1-8B-Instruct,cuad_anti-assignment,1037,0,0,0,0,0,0
meta-llama/Llama-3.1-8B-Instruct,cuad_anti-assignment,1038,0,0,0,1,1,0
meta-llama/Llama-3.1-8B-Instruct,cuad_anti-assignment,1039,0,0,0,1,1,0
meta-llama/Llama-3.1-8B-Instruct,cuad_anti-assignment,1040,0,0,0,0,0,1
meta-llama/Llama-3.1-8B-Instruct,cuad_anti-assignment,1041,0,0,0,1,1,0
meta-llama/Llama-3.1-8B-Instruct,cuad_anti-assignment,1042,0,0,0,0,1,0
meta-llama/Llama-3.1-8B-Instruct,cuad_anti-assignment,1043,0,1,0,1,1,0
meta-llama/Llama-3.1-8B-Instruct,cuad_anti-assignment,1044,0,1,0,0,1,1
meta-llama/Llama-3.1-8B-Instruct,cuad_anti-assignment,1045,0,1,0,0,0,0
meta-llama/Llama-3.1-8B-Instruct,cuad_anti-assignment,1046,0,0,0,0,0,0
meta-llama/Llama-3.1-8B-Instruct,cuad_anti-assignment,1047,0,0,0,0,0,1
meta-llama/Llama-3.1-8B-Instruct,cuad_anti-assignment,1048,0,0,0,0,0,0
meta-llama/Llama-3.1-8B-Instruct,cuad_anti-assignment,1049,0,0,0,1,1,1
meta-llama/Llama-3.1-8B-Instruct,cuad_anti-assignment,1050,0,1,0,0,0,1
meta-llama/Llama-3.1-8B-Instruct,cuad_anti-assignment,1051,0,0,0,0,0,1
meta-llama/Llama-3.1-8B-Instruct,cuad_anti-assignment,1052,0,0,1,1,1,0
meta-llama/Llama-3.1-8B-Instruct,cuad_anti-assignment,1053,0,0,0,0,0,0
meta-llama/Llama-3.1-8B-Instruct,cuad_anti-assignment,1054,0,0,0,0,0,0
meta-llama/Llama-3.1-8B-Instruct,cuad_anti-assignment,1055,0,0,0,0,0,0
meta-llama/Llama-3.1-8B-Instruct,cuad_anti-assignment,1056,0,1,0,0,0,0
meta-llama/Llama-3.1-8B-Instruct,cuad_anti-assignment,1057,0,1,0,0,0,0
meta-llama/Llama-3.1-8B-Instruct,cuad_anti-assignment,1058,0,1,0,1,1,0
meta-llama/Llama-3.1-8B-Instruct,cuad_anti-assignment,1059,0,0,0,0,0,1
meta-llama/Llama-3.1-8B-Instruct,cuad_anti-assignment,1060,0,1,0,0,0,0
meta-llama/Llama-3.1-8B-Instruct,cuad_anti-assignment,1061,0,1,0,0,0,0
meta-llama/Llama-3.1-8B-Instruct,cuad_anti-assignment,1062,0,0,0,0,0,1
meta-llama/Llama-3.1-8B-Instruct,cuad_anti-assignment,1063,0,1,0,0,0,0
meta-llama/Llama-3.1-8B-Instruct,cuad_anti-assignment,1064,0,1,0,0,0,1
meta-llama/Llama-3.1-8B-Instruct,cuad_anti-assignment,1065,0,1,0,0,0,0
meta-llama/Llama-3.1-8B-Instruct,cuad_anti-assignment,1066,0,0,0,0,0,0
meta-llama/Llama-3.1-8B-Instruct,cuad_anti-assignment,1067,0,0,0,0,0,0
meta-llama/Llama-3.1-8B-Instruct,cuad_anti-assignment,1068,0,0,0,0,0,1
meta-llama/Llama-3.1-8B-Instruct,cuad_anti-assignment,1069,0,0,0,0,0,0
meta-llama/Llama-3.1-8B-Instruct,cuad_anti-assignment,1070,0,0,0,0,0,0
meta-llama/Llama-3.1-8B-Instruct,cuad_anti-assignment,1071,0,1,0,0,0,1
meta-llama/Llama-3.1-8B-Instruct,cuad_anti-assignment,1072,0,1,0,1,0,1
meta-llama/Llama-3.1-8B-Instruct,cuad_anti-assignment,1073,0,0,0,0,0,1
meta-llama/Llama-3.1-8B-Instruct,cuad_anti-assignment,1074,0,0,0,0,0,1
meta-llama/Llama-3.1-8B-Instruct,cuad_anti-assignment,1075,0,0,0,0,1,0
meta-llama/Llama-3.1-8B-Instruct,cuad_anti-assignment,1076,0,0,0,0,0,0
meta-llama/Llama-3.1-8B-Instruct,cuad_anti-assignment,1077,0,0,0,0,0,1
meta-llama/Llama-3.1-8B-Instruct,cuad_anti-assignment,1078,0,0,0,0,0,1
meta-llama/Llama-3.1-8B-Instruct,cuad_anti-assignment,1079,0,0,0,0,0,1
meta-llama/Llama-3.1-8B-Instruct,cuad_anti-assignment,1080,0,0,1,0,1,0
meta-llama/Llama-3.1-8B-Instruct,cuad_anti-assignment,1081,0,0,0,1,0,1
meta-llama/Llama-3.1-8B-Instruct,cuad_anti-assignment,1082,0,0,0,0,1,1
meta-llama/Llama-3.1-8B-Instruct,cuad_anti-assignment,1083,0,1,0,0,1,0
meta-llama/Llama-3.1-8B-Instruct,cuad_anti-assignment,1084,0,1,0,0,0,0
meta-llama/Llama-3.1-8B-Instruct,cuad_anti-assignment,1085,0,0,0,0,1,0
meta-llama/Llama-3.1-8B-Instruct,cuad_anti-assignment,1086,0,0,0,1,1,0
meta-llama/Llama-3.1-8B-Instruct,cuad_anti-assignment,1087,0,0,0,0,0,1
meta-llama/Llama-3.1-8B-Instruct,cuad_anti-assignment,1088,0,0,0,0,1,0
meta-llama/Llama-3.1-8B-Instruct,cuad_anti-assignment,1089,0,0,0,0,1,0
meta-llama/Llama-3.1-8B-Instruct,cuad_anti-assignment,1090,0,1,0,0,0,1
meta-llama/Llama-3.1-8B-Instruct,cuad_anti-assignment,1091,0,1,0,0,0,1
meta-llama/Llama-3.1-8B-Instruct,cuad_anti-assignment,1092,0,0,0,0,0,1
meta-llama/Llama-3.1-8B-Instruct,cuad_anti-assignment,1093,0,0,0,0,0,1
meta-llama/Llama-3.1-8B-Instruct,cuad_anti-assignment,1094,0,0,0,0,0,1
meta-llama/Llama-3.1-8B-Instruct,cuad_anti-assignment,1095,0,0,0,0,0,1
meta-llama/Llama-3.1-8B-Instruct,cuad_anti-assignment,1096,0,1,0,0,0,1
meta-llama/Llama-3.1-8B-Instruct,cuad_anti-assignment,1097,0,0,0,0,0,0
meta-llama/Llama-3.1-8B-Instruct,cuad_anti-assignment,1098,0,0,1,1,0,1
meta-llama/Llama-3.1-8B-Instruct,cuad_anti-assignment,1099,0,0,0,0,0,0
meta-llama/Llama-3.1-8B-Instruct,cuad_anti-assignment,1100,0,0,0,0,0,0
meta-llama/Llama-3.1-8B-Instruct,cuad_anti-assignment,1101,0,0,0,0,0,1
meta-llama/Llama-3.1-8B-Instruct,cuad_anti-assignment,1102,0,1,0,0,1,0
meta-llama/Llama-3.1-8B-Instruct,cuad_anti-assignment,1103,0,0,0,0,0,1
meta-llama/Llama-3.1-8B-Instruct,cuad_anti-assignment,1104,0,0,1,1,1,0
meta-llama/Llama-3.1-8B-Instruct,cuad_anti-assignment,1105,0,0,0,0,0,0
meta-llama/Llama-3.1-8B-Instruct,cuad_anti-assignment,1106,0,0,0,0,0,0
meta-llama/Llama-3.1-8B-Instruct,cuad_anti-assignment,1107,0,1,0,1,0,0
meta-llama/Llama-3.1-8B-Instruct,cuad_anti-assignment,1108,0,1,0,0,0,0
meta-llama/Llama-3.1-8B-Instruct,cuad_anti-assignment,1109,0,0,0,0,0,0
meta-llama/Llama-3.1-8B-Instruct,cuad_anti-assignment,1110,0,0,0,0,0,0
meta-llama/Llama-3.1-8B-Instruct,cuad_anti-assignment,1111,0,0,0,0,0,1
meta-llama/Llama-3.1-8B-Instruct,cuad_anti-assignment,1112,0,0,0,0,0,0
meta-llama/Llama-3.1-8B-Instruct,cuad_anti-assignment,1113,0,0,0,0,0,1
meta-llama/Llama-3.1-8B-Instruct,cuad_anti-assignment,1114,0,0,0,0,0,0
meta-llama/Llama-3.1-8B-Instruct,cuad_anti-assignment,1115,0,0,0,0,0,0
meta-llama/Llama-3.1-8B-Instruct,cuad_anti-assignment,1116,0,0,0,0,0,0
meta-llama/Llama-3.1-8B-Instruct,cuad_anti-assignment,1117,0,0,0,0,0,0
meta-llama/Llama-3.1-8B-Instruct,cuad_anti-assignment,1118,0,0,1,0,1,0
meta-llama/Llama-3.1-8B-Instruct,cuad_anti-assignment,1119,0,0,0,0,0,0
meta-llama/Llama-3.1-8B-Instruct,cuad_anti-assignment,1120,0,1,0,0,0,1
meta-llama/Llama-3.1-8B-Instruct,cuad_anti-assignment,1121,0,1,0,0,0,0
meta-llama/Llama-3.1-8B-Instruct,cuad_anti-assignment,1122,0,0,0,0,0,0
meta-llama/Llama-3.1-8B-Instruct,cuad_anti-assignment,1123,0,0,1,0,1,1
meta-llama/Llama-3.1-8B-Instruct,cuad_anti-assignment,1124,0,0,0,0,0,0
meta-llama/Llama-3.1-8B-Instruct,cuad_anti-assignment,1125,0,0,0,0,0,0
meta-llama/Llama-3.1-8B-Instruct,cuad_anti-assignment,1126,0,0,1,0,0,1
meta-llama/Llama-3.1-8B-Instruct,cuad_anti-assignment,1127,0,0,0,0,0,0
meta-llama/Llama-3.1-8B-Instruct,cuad_anti-assignment,1128,0,0,0,0,0,1
meta-llama/Llama-3.1-8B-Instruct,cuad_anti-assignment,1129,0,1,0,0,0,1
meta-llama/Llama-3.1-8B-Instruct,cuad_anti-assignment,1130,0,0,0,1,1,1
meta-llama/Llama-3.1-8B-Instruct,cuad_anti-assignment,1131,0,0,0,1,1,0
meta-llama/Llama-3.1-8B-Instruct,cuad_anti-assignment,1132,0,0,0,0,0,1
meta-llama/Llama-3.1-8B-Instruct,cuad_anti-assignment,1133,0,0,0,0,0,1
meta-llama/Llama-3.1-8B-Instruct,cuad_anti-assignment,1134,0,0,0,0,1,0
meta-llama/Llama-3.1-8B-Instruct,cuad_anti-assignment,1135,0,0,0,0,0,0
meta-llama/Llama-3.1-8B-Instruct,cuad_anti-assignment,1136,0,0,0,0,0,0
meta-llama/Llama-3.1-8B-Instruct,cuad_anti-assignment,1137,0,0,0,1,0,1
meta-llama/Llama-3.1-8B-Instruct,cuad_anti-assignment,1138,0,0,0,0,0,1
meta-llama/Llama-3.1-8B-Instruct,cuad_anti-assignment,1139,0,0,0,0,0,1
meta-llama/Llama-3.1-8B-Instruct,cuad_anti-assignment,1140,0,1,0,0,0,1
meta-llama/Llama-3.1-8B-Instruct,cuad_anti-assignment,1141,0,0,0,0,0,0
meta-llama/Llama-3.1-8B-Instruct,cuad_anti-assignment,1142,0,0,0,0,0,0
meta-llama/Llama-3.1-8B-Instruct,cuad_anti-assignment,1143,0,0,0,0,0,0
meta-llama/Llama-3.1-8B-Instruct,cuad_anti-assignment,1144,0,0,0,0,0,1
meta-llama/Llama-3.1-8B-Instruct,cuad_anti-assignment,1145,0,0,0,0,0,1
meta-llama/Llama-3.1-8B-Instruct,cuad_anti-assignment,1146,0,1,1,1,1,0
meta-llama/Llama-3.1-8B-Instruct,cuad_anti-assignment,1147,0,0,0,0,0,0
meta-llama/Llama-3.1-8B-Instruct,cuad_anti-assignment,1148,0,0,0,0,0,1
meta-llama/Llama-3.1-8B-Instruct,cuad_anti-assignment,1149,0,0,0,0,0,1
meta-llama/Llama-3.1-8B-Instruct,cuad_anti-assignment,1150,0,0,0,1,1,0
meta-llama/Llama-3.1-8B-Instruct,cuad_anti-assignment,1151,0,1,0,0,0,1
meta-llama/Llama-3.1-8B-Instruct,cuad_anti-assignment,1152,0,0,0,0,0,0
meta-llama/Llama-3.1-8B-Instruct,cuad_anti-assignment,1153,0,1,0,1,1,0
meta-llama/Llama-3.1-8B-Instruct,cuad_anti-assignment,1154,0,0,0,0,0,0
meta-llama/Llama-3.1-8B-Instruct,cuad_anti-assignment,1155,0,0,0,0,0,1
meta-llama/Llama-3.1-8B-Instruct,cuad_anti-assignment,1156,0,1,0,0,1,1
meta-llama/Llama-3.1-8B-Instruct,cuad_anti-assignment,1157,0,0,0,0,0,0
meta-llama/Llama-3.1-8B-Instruct,cuad_anti-assignment,1158,0,0,0,0,0,1
meta-llama/Llama-3.1-8B-Instruct,cuad_anti-assignment,1159,0,0,1,1,1,1
meta-llama/Llama-3.1-8B-Instruct,cuad_anti-assignment,1160,0,1,0,0,0,1
meta-llama/Llama-3.1-8B-Instruct,cuad_anti-assignment,1161,0,1,0,0,0,1
meta-llama/Llama-3.1-8B-Instruct,cuad_anti-assignment,1162,0,1,0,0,0,0
meta-llama/Llama-3.1-8B-Instruct,cuad_anti-assignment,1163,0,0,0,0,0,0
meta-llama/Llama-3.1-8B-Instruct,cuad_anti-assignment,1164,0,1,0,0,0,1
meta-llama/Llama-3.1-8B-Instruct,cuad_anti-assignment,1165,0,0,0,0,0,1
meta-llama/Llama-3.1-8B-Instruct,cuad_anti-assignment,1166,0,0,0,0,0,0
meta-llama/Llama-3.1-8B-Instruct,cuad_anti-assignment,1167,0,0,0,0,1,0
meta-llama/Llama-3.1-8B-Instruct,cuad_anti-assignment,1168,0,0,0,1,1,1
meta-llama/Llama-3.1-8B-Instruct,cuad_anti-assignment,1169,0,1,0,0,0,0
meta-llama/Llama-3.1-8B-Instruct,cuad_anti-assignment,1170,0,0,0,0,0,1
meta-llama/Llama-3.1-8B-Instruct,cuad_anti-assignment,1171,0,0,0,0,0,1
